sleep_hours,screen_time,physical_activity,work_hours,social_interaction,caffeine_intake,mood
5.872700594236813,3.481063430708957,0.7851170512077179,8.72702994208898,2.859979391417964,2,0
8.75357153204958,6.335207579026865,0.7409363972159995,9.966813971913723,4.027161646499931,2,1
7.659969709057025,8.983566687011265,2.71876374156311,4.50467898792499,3.800804648950795,5,1
6.993292420985183,7.8577990912764895,0.7486385995485183,8.248740996069989,0.7694995234688684,3,0
4.780093202212183,8.452489182891597,0.815849178385893,7.717459831437487,0.7462473487073695,2,0
4.779972601681013,7.270266933685739,2.278194787253891,10.32830376788271,1.3408718387245666,4,0
4.290418060840997,7.53821251614282,1.3492195273516199,11.060870604812605,1.805373631705186,2,0
8.330880728874675,8.793565212522555,2.3301316708655437,2.1215677147738683,2.042277907042413,4,1
7.005575058716044,3.9973440708734875,0.19609847269315572,8.740199190587926,3.398486084166726,2,0
7.540362888980227,5.915399709145124,1.4627135810201528,2.5183579911972904,0.283402160829177,4,0
4.102922471479012,3.769675534556818,0.1008408005498479,7.488586650773559,0.17336352113033193,2,0
8.849549260809972,9.901344063973177,0.18795961036606357,4.876327290436782,1.9595528147195451,2,0
8.162213204002109,9.552474717492906,2.719312360033233,5.0677659952214125,3.4858184606899023,1,1
5.061695553391381,2.315414490948047,0.4177361133527855,5.529585034523565,0.9671767147824128,4,0
4.909124836035503,7.644601380125508,1.5972620468256513,8.212924490496102,3.2075224062812584,4,0
4.917022549267169,9.401986539325327,1.2332868078021195,5.340499656687692,1.2991406897014972,4,0
5.521211214797688,3.4446027610186682,1.0420299787765281,9.326990505902804,4.4304305440675815,0,1
6.623782158161189,6.543561844421036,2.699500037061817,6.045273855738697,4.4784497213330825,2,1
6.159725093210579,9.323906380704335,0.0654701903264685,2.683532003099586,1.4864360214066323,4,0
5.456145700990209,2.2715678286863907,1.9913690585267672,9.837598424841072,1.1499687698162027,5,0
7.059264473611897,7.579362137974719,2.890183302640651,4.85758324592706,2.0565198603311563,0,1
4.697469303260209,4.378792058980406,1.6805045503855258,6.3276687959926265,1.2026579259007435,1,0
5.4607232426760905,9.395169563012242,2.8104673860992753,8.854438832219016,3.361919216458518,4,0
5.831809216468459,9.768465961322942,0.1567736378580713,5.32456157148712,4.130323422741427,4,0
6.28034992108518,9.554131912907472,1.2563799572224843,2.5658565614671565,3.365460654556085,0,0
7.925879806965068,5.79371373325971,0.7804733728861535,5.7392104701281355,4.121752236246747,2,1
4.998368910791799,8.896341207914507,2.1924628949421896,11.444485826943033,1.9849608110373707,5,0
6.571172192068058,8.756395188280564,2.94389127149174,8.41734397298558,0.7815848535443043,1,0
6.962072844310212,4.552803785946045,0.7695901873327434,8.71479148667207,3.6897547369879606,4,0
4.232252063599988,8.631323793205418,1.9625238044222235,8.322821536376399,1.8023725257077694,2,0
7.037724259507192,2.296061077723941,0.5942928982792204,3.989921389594368,3.3563541261456624,5,1
4.8526206184364575,6.770159027856424,1.6959907637148297,6.183338641022801,1.3532197099088283,5,0
4.325257964926397,3.8400706983016244,1.3917974600650087,9.509397983633182,0.40614817403336334,1,0
8.744427686266667,2.9645350862182305,2.9160159888946113,3.0137289755315915,4.962908977438817,3,2
8.828160165372797,2.6156256130336732,1.8255818180893997,4.778527760897123,0.7810075396529964,5,1
8.041986740582306,7.570310207025118,1.0485191162604564,4.763191084658536,4.9421049698174055,3,1
5.523068845866853,4.718999710144529,0.3422873546638001,6.32018927594506,4.886399662832236,5,0
4.48836057003192,7.798134172230092,0.4537404862048037,11.803687409421851,3.969090519540198,1,0
7.421165132560784,2.522850726391539,0.6759507898537053,2.6750254668382194,3.2971148104099877,0,1
6.200762468698007,4.522322702644883,0.752899984020894,7.1870099438059505,2.8890352512554234,1,0
4.610191174223894,6.315930339002698,2.5518481735234135,3.7936468201221043,4.330507726889174,1,1
6.475884550556351,8.32578531871171,1.6836683648475748,11.706765454097441,1.4471976080974396,0,0
4.171942605576092,4.550020023456559,1.5701727341230993,3.133035047274642,2.338406062424385,0,0
8.546602010393912,7.007131011496073,0.3443066156076524,6.036010023615912,3.0969498468325094,2,0
5.293899908000085,9.087821985889498,2.580419080048305,9.37884984834606,2.0559523793474552,5,0
7.31261142176991,6.9269055054584365,2.168442909625451,9.045544280274452,2.13743227045134,2,0
5.558555380447055,3.86367579802907,0.20300508570000475,6.227286368939323,1.6514233375104221,0,0
6.600340105889054,2.195206252452304,2.1235052916893062,5.465241679527182,2.82115908342268,3,1
6.733551396716399,8.960790991207439,1.6306146520279383,5.9761237855287055,4.25287264007558,3,0
4.924272277627635,2.170155286803097,0.24517603724033477,4.642762631586393,1.0076418900315642,1,0
8.847923138822793,8.997613381473595,1.3749019245859695,4.053329387067998,4.672165193767207,4,1
7.875664116805573,6.231497072217696,1.454088861390141,6.8303969755889,3.4454382687411482,1,1
8.697494707820946,9.512541588103169,0.49732362048982726,4.685337560676073,4.116366063400151,1,1
8.474136752138243,8.390265886189322,2.837094441000847,4.874616648972501,2.780953463150058,4,1
6.989499894055426,9.9834728842667,2.549926114441986,8.56756063474557,3.8975835071203173,5,0
8.609371175115584,4.805694523613681,2.007067011987325,11.685373316998922,0.08100198669733605,0,0
4.442462510259597,8.137506311449016,1.3868866830018216,8.036372005593751,4.091902123897676,3,0
4.979914312095726,5.215447308873937,1.2352966247535255,2.769794670649663,0.2006942954268326,1,0
4.22613644455269,5.839004962431271,1.9529204014528625,2.75583613854067,4.449566881814312,4,1
5.626651653816322,7.020043705746961,1.6362956082207165,11.51423220845566,4.959813736193216,2,0
5.94338644844741,8.989416913490711,0.18681931764565685,4.972907903073336,1.470337310883889,1,0
5.356745158869479,9.87266775359436,1.537507946310995,2.9206698608247543,1.0515927814289683,3,0
8.143687545759647,8.146187310916146,2.4192108516985185,7.990445871503816,3.8268168192902037,0,1
5.7837666334679465,5.34213425733867,1.3777196327908743,8.23648778290266,1.265131704601266,1,0
5.404672548436904,5.3708560182165614,0.15586973266280524,8.485048201186881,4.327811915861018,1,0
6.713480415791242,7.900658412711132,2.3588345981520993,4.674020278575413,0.5142129607873835,5,0
4.704621124873813,3.9102171661464187,0.6040913464079232,2.1511068421447503,0.6297759818967913,4,0
8.010984903770199,2.8837929050511573,0.7758625046641163,11.650153694544718,4.895757775503078,2,1
4.372753218398854,4.836977261126212,0.4941190602968877,4.508930456911025,3.369194491350023,2,0
8.934434683002586,4.297911933232654,0.9906451946144926,8.760262880525474,4.234436122144764,0,1
7.861223846483287,4.370464963647921,2.270254517065905,9.066298698787095,1.6216468867575902,3,1
4.993578407670862,3.8688620083992795,1.558157578511812,8.100074170794857,3.382418747603022,0,1
4.027610585618012,2.336745517090895,0.6146438224521377,5.129073942136483,2.971209136542986,1,0
8.07730714227417,2.1429914778673105,2.6334902344561226,4.710962537640658,3.015750600614735,1,2
7.534286719238086,9.901779117888253,2.6387455648545877,7.976682827027031,3.412662297688608,2,0
7.645035840204937,5.422185069886899,2.6117352751380207,10.660956336116914,2.8767958656454926,3,1
7.856351733429729,5.074613177277453,0.7163886341446178,11.467337289233956,2.1453118465133296,4,0
4.3702232586704515,7.437178261544559,1.3537180325429643,3.0590580440375765,1.3796134719027342,3,0
5.792328642721364,3.7460311029205133,2.9549689684226252,3.5482861259771985,3.84290665456601,1,1
4.579345297625649,9.599689471601803,2.316037428929971,11.447362587830796,1.131362150015931,4,0
8.315517129377968,8.290760115324417,0.08150226367667945,9.365352283347926,3.461771530772071,3,0
7.11649063413779,2.715288018498076,0.19561377378147615,10.829938248297731,1.1666641132466333,3,0
5.654490124263246,5.340646206279427,1.3917941304369983,4.026326341353432,3.1266508497722696,4,0
4.317791751430118,9.032946460497318,2.7276606175846805,7.875858711094018,3.7353913356451445,1,0
5.554911608578311,9.557856178331281,1.6161053938581427,9.011395944174737,1.093569444532696,3,0
5.625916610133736,5.739212089998958,1.4934375241028706,8.801118854469728,0.2997165043065414,4,0
7.64803089169032,6.907291113685662,0.31642109986989175,6.081516908666981,0.6548687149708704,5,0
7.187787356776066,3.336271568736602,1.9703403141728821,2.1539489169130848,3.029984836355127,5,1
8.436063712881634,9.929349009095812,2.4663094818006766,7.829260568042631,4.247232031128678,1,1
6.361074625809747,3.853373611067547,1.141260022522687,4.531015391796087,0.22498410617712183,4,0
4.597971229691509,9.541854193081004,2.3268355527759823,6.502542461428903,3.670756295208231,5,0
7.566223936114975,7.197173191938948,2.893429961702435,11.575810150838173,1.7065932297502606,4,0
7.803925243084487,6.861894359030873,0.6112993773830673,5.990353176424347,2.3926418495976125,3,0
6.806385987847481,6.101508088132069,1.5699888935842239,10.398016066644267,4.644297749227828,1,1
7.854835899772805,3.8453584937420695,0.8614138742537266,3.8854060574925113,1.6598575236792272,5,1
6.468977981821954,3.412224256044066,2.378563257101518,8.724604980250287,2.32668466969743,3,1
6.61366414690997,3.763889672561403,1.7327800976434724,11.770069544389434,0.06841207380340553,0,0
6.137705091792748,3.491506097154036,1.9037472526509114,3.0189310087293677,0.4079936000241918,0,1
4.127095633720476,8.236675788534026,2.393742478847682,2.08319942227192,1.2929579556739201,1,0
4.539457134966522,4.801002073333841,1.1879114179873647,6.335827926326143,0.13926120410537202,5,0
4.157145928433671,2.462741412507171,2.7452702052211295,2.926254830513672,3.1568766302412548,5,1
7.182052056318902,9.752821041126492,1.5990866017384198,9.483843496762313,2.131991784008113,5,0
5.571779905381634,9.070287079707406,0.473864468506044,11.14548663848559,2.74072601364011,4,0
6.542853455823514,9.422018265561704,2.0876973545064073,6.340209727087588,0.8732359294816477,3,0
8.537832369630465,9.959262581171483,2.379784051314763,4.587116421554409,1.4796601471830806,5,0
5.246461145744375,3.3911619937558983,0.95028503120258,6.344033190066098,3.3191223742636256,3,0
6.051914615178148,5.16993615122127,2.571537770996259,9.23447817850001,4.826513618151999,1,1
7.777755692715243,8.06590780563273,2.718429764297299,2.09054161580371,0.252083868011046,5,0
5.143990827458112,7.568164944430338,0.8307134621334268,7.894539894846972,4.451921604276331,1,0
4.384899549143965,3.2311672507188405,2.950564418145666,8.13291684887379,2.884406006556042,5,0
5.44875726456884,8.526664999924943,0.42213458414627525,8.376882468959355,2.8195978337781185,0,0
4.8061064362700225,3.7955245746932853,0.6060470052074699,4.420220799808773,2.501392676038802,2,0
8.648488261712865,3.7905409185809846,0.5526745177140784,9.140527233781267,0.34697042952091695,1,0
8.040601897822086,6.295795383147309,2.681969130023611,2.913914863317764,0.44938425868080334,5,1
7.167018782552118,6.743519478733625,1.9628776569748856,3.9927033646680083,3.0045600282954306,2,1
8.357302950938589,6.640689662702489,0.4563128496668186,10.77470046654482,1.7047928571777915,1,0
8.018360384495573,2.731894699182039,1.3209702551050468,9.387231507265664,4.586340332888403,4,1
4.932850294430179,9.019686901043043,1.8458940752094062,2.1374555401134527,2.032952686797361,5,0
8.46279499244989,4.1248003407096485,0.2503922549681499,4.483762603698002,0.7164072935132054,4,0
6.696711209578254,3.0361193702624334,2.6472491052220164,4.144064829931645,3.57359416751018,0,2
8.037200775820313,9.109984638951818,2.4108106063246053,4.708063280369726,1.4667671072050492,5,0
8.480456499617466,9.645211985838028,1.5156203207299148,4.475597702798864,2.6273515367794658,0,1
5.590017374859319,8.897020938123605,2.9013798457775115,2.6252629574284576,3.4891639275258504,2,1
4.550259622638384,8.476128597799025,1.2532829378252992,6.589405165968204,4.501320556010352,1,0
5.139675812709708,7.241935845112174,2.9523309571094933,9.327334747861652,3.9609559740083804,3,0
6.135538943131282,6.4068589648731145,2.0037599964108814,8.067317247174364,3.3818053393636207,0,1
8.090073829612464,2.695894079291281,1.9040138197618244,8.728716685980798,3.3981659119757177,3,1
8.303652916281717,5.26762570456559,0.497864685887355,2.8114917853623913,4.729623220160432,3,1
4.034760652655954,4.981508136098512,2.645783274913932,11.514907101767871,1.4791204874826802,1,0
6.553736512887829,4.07803027008261,1.2824690637618454,10.384918338430248,0.005560470980937038,2,0
6.0870550157438945,7.7873609095086795,0.48670021734743807,10.050903184956628,1.3597727969909934,1,0
5.110539052353651,5.9670058806301665,0.03782255992727712,10.229838050417674,1.08945689813372,5,0
4.599326836668414,2.6483697272611835,1.6792670509151477,11.327105081327613,3.3091729255699907,0,0
5.68807585701814,3.7614656155984907,1.5821988663680289,7.442539661136977,3.1685579988276453,3,0
8.714548519562596,7.466070109276767,2.1580608671074755,4.002820178676259,2.967306913523619,1,1
5.616014660103776,2.6090468759224015,2.6707741590534066,8.167836078525411,0.0812172160472685,1,0
6.59395310871683,8.809655312390149,0.23821975392908856,9.428814936679391,3.6438902722532376,1,0
7.515094794475889,5.961172216111795,2.194489471021087,9.379173933540255,1.6176520624274575,0,0
5.81814801189647,5.844692618613184,0.5622358322927467,7.214490241668801,3.3252799450331554,2,0
8.858910413604804,6.739262277276141,2.574531159471492,2.6845871933357808,2.7828921425107667,1,1
8.812236474710556,8.597447727401192,2.457190541584968,5.7111293843012785,1.7136546271395359,0,1
5.258911479126821,4.782473663217544,1.6223812649566332,11.207666084633573,0.6728813355205387,3,0
6.4862425294619275,7.4241292204725085,2.1307283958699346,7.84448909757426,0.47209448830240475,5,0
5.504391549083849,6.5258557119663285,0.9430503395512452,7.383319432557134,4.157591665561117,4,0
5.424202471887338,4.136226161355371,1.4135036967984438,4.688535143821936,4.59198771040779,0,1
4.184434736772664,9.029039890841265,2.464910693131415,5.684489199165789,3.248940233821498,4,0
7.047821669899484,8.379408172855424,1.3777955915196416,10.953460891531693,0.5171705743024169,1,0
6.5133951161443076,7.267614677267404,1.0733947959763253,8.664630475268357,2.0101360844412035,1,0
4.257393756249947,8.804653832753935,1.4826373417508996,9.873870267523328,3.6446960005257862,0,0
5.393232321183057,8.938353607678419,2.484747757311655,6.543454230676551,3.8991044200503406,4,0
8.541329429833269,7.666903813720278,1.0056241421126182,8.30247219456158,0.591093111455443,1,0
5.197809453334862,8.696106626909376,0.5212847794072314,4.483836087432075,0.00015359422691207936,3,0
4.7244743604561155,7.579771693354269,2.1360420609923425,9.054608302834863,3.560685229403025,2,0
6.447263801387815,7.441126174082403,2.4779346381242453,6.276013337033373,1.7829808799310283,2,0
8.928252270553003,6.948891025721474,0.3019124355706,6.4254551481474556,1.2724066580913012,1,0
5.210276357557502,8.02173311646113,0.7196223382678342,8.493223245768817,0.0644873489476272,4,0
7.360677737029393,3.2688408423445896,0.4259159692829817,11.362806214689266,2.7014970338074984,5,0
7.808098076643588,9.046966073591427,1.0438242347464999,2.6400634660862092,4.255753677129909,1,1
5.188187719961999,8.974748221961857,1.351052936716238,10.247432373470076,4.78815823136294,5,0
7.641081743059297,2.233978264276473,2.2464790108899195,4.923831104121931,2.828724753066446,5,1
5.838915663596266,8.606534004518101,1.9534427546450224,6.439194545063778,2.572306638699471,4,0
7.161529152967898,3.0309589397875616,1.8627857024352936,2.21913328775009,0.4252819274462055,5,1
7.167648553804474,4.680950834073135,1.0571248398289632,5.0104607783431305,2.7443640077129987,3,1
6.678873420373792,7.948066050332862,2.52434265925428,7.026312426301304,1.8998953948269732,4,0
4.451448850272041,3.2860791683864656,1.4138615021944938,2.56176077347439,3.0356764044178846,1,1
8.17651247794619,8.543736192952498,2.9373148140454637,6.910957293831651,1.9436317393827336,3,1
5.603900324858679,8.657073423661934,1.9024264148872105,11.271106288584273,1.2014956172518336,0,0
4.932592551999271,6.05974187008669,0.3787942246935082,3.053932181078052,0.4748263761418825,2,0
4.20387570777382,2.0510869737346686,2.028532686226302,9.644407280755043,1.5745922229444786,1,0
6.954464715941209,4.296305065399302,0.9753120462950969,6.096710533759927,0.4832241714387614,1,0
7.387821809211412,6.935415347005938,2.058981590058292,8.55173714524338,0.8844847541199197,1,0
4.082939144639281,9.849489424219389,0.20892344448721722,4.602365979852293,4.93668079289773,3,0
6.560465291496405,7.054508216133347,0.5246443115278782,3.5949226254135827,2.2205177845330932,0,0
5.1324788759896895,4.078428648513278,2.5672117767173592,3.6046261427122643,2.6593588325250828,4,1
7.225863952047249,7.072045624796891,0.6815386710705447,2.7049194564314467,4.368092643686077,0,1
4.871832145024957,6.319883037726844,2.51112337572882,3.85646704901243,4.977844502453439,3,1
7.45468869051233,8.23876316120915,0.8378282653632313,8.642193849889683,2.9135722467234078,1,0
5.933676731502687,2.8558451106156673,1.928645730176123,10.81690611843508,4.062369105220858,2,1
8.683649943683672,8.088223220016225,2.082451720529493,10.141256855911617,1.6347051216833763,1,0
4.687604720729967,6.330132629408882,1.5379642594351588,8.851343098744842,1.5287197872364555,4,0
5.705331755251293,9.703936030871958,0.9159320300901939,3.104318634111027,2.013518604972801,5,0
4.567367606202946,4.734977328309489,0.6379331291132884,4.891874462959498,3.3625363133682455,2,0
8.623468091392814,7.060975145071585,0.09956806368727866,5.098068753224689,3.410958446275494,1,1
8.386696766904905,9.45622484408014,0.9118392037221714,4.499569463976212,1.576197173247254,2,0
5.289708138575778,2.820077823925434,1.959488371593849,7.150056597097231,0.6660496206831434,5,0
7.299920230170895,9.497827897891609,2.814914455345448,7.355538148796725,3.1619812823275426,0,1
8.08611100100608,7.503085778406507,2.613613446789156,5.568859751711102,0.6416293109438226,3,0
6.776004057997312,2.5426964728413752,2.2981943296059075,5.53789158736436,2.8924625411466502,1,1
6.648252891780032,4.40770853557453,2.365342029759896,10.285555979060813,3.467110640281545,4,1
5.209261454502259,7.665376709162253,1.9949547104279857,9.892928483196856,3.503057481972258,0,0
4.465513839029496,2.5388048117501736,0.780860572698009,5.0779583168074565,3.7673605532979835,1,1
8.486078789766633,6.657363681410186,2.72158509211749,11.137884438732593,4.364297107828323,0,1
8.502090285816653,4.767064455623654,2.012196935717502,11.52815017002506,2.499794959823942,4,1
7.16550728636634,6.967324142139817,1.6813218929413198,5.267425420300408,3.651245947647856,1,1
5.6951489552435035,2.365936270500103,0.3329684076404432,5.544249487930548,3.0958636768291834,5,0
5.746047873063304,8.97229444921901,1.3411666314192763,7.056341534219588,0.9331996989884128,5,0
7.629778394351197,9.787911753419175,1.3810748136057789,11.411208125336735,0.12844822434704084,4,0
8.485551299762886,9.751022842285533,2.59369082856801,10.763194331423115,1.422706928384669,2,0
8.435432121325587,7.997214653943398,1.6399446605633654,3.025679625835898,2.215168531688097,4,1
7.899377729288119,3.0406899210450558,1.141201646911229,5.927307432714162,3.0855297221432814,2,1
7.210158230771439,8.066105567432182,2.930400985531978,7.533711897497718,4.249796652516027,1,1
4.4206998249752445,2.196695331670412,0.332161779978947,7.0313247255154,0.9812285835308282,2,0
4.808143570473069,2.176988412231978,1.267645284935834,3.9386306793689267,0.6277489494923855,1,0
8.492770942635396,4.58888175319633,0.12607402551421587,10.588167711681546,4.8173997373716375,1,1
7.03214529829795,5.909145523237326,2.219712362300791,8.769407829968372,0.5402227968820356,3,0
4.045985258083149,8.163259342462347,2.754229656597452,10.379083748518037,2.392455350535946,1,0
4.50735771433016,7.4663630128520415,0.8401119886514683,10.587642793494721,2.9278186439665093,2,0
7.317508845540279,5.567221651013987,2.5750250303973625,9.483558536657398,2.706872104537191,3,1
4.025307919231094,4.189013330253327,0.8766546913856933,6.392106012497173,0.430160785164716,3,0
4.804040257087493,9.97699600126169,2.7323104849317454,8.105467550154245,0.28513457001809683,1,0
6.743668946832931,5.409450417887784,2.261885710790352,3.6036540611974317,0.5274171373051784,4,0
7.459475988463466,5.611096194637404,2.414720330524316,8.736454174749078,2.9279384193630626,4,1
7.259806297513003,3.3089905695333535,0.0540196668013635,3.7925325573928075,2.7217244381716057,5,0
5.1213465473027995,8.358476389999435,2.8884310712220778,8.939495905101568,1.1687039601837212,3,0
7.56089610673768,7.549457806251909,2.18001297621097,4.295981607539686,3.188870709227958,1,1
5.186245437484001,3.766156902310083,0.9142532861584,3.1755130015021997,4.100337510278247,4,1
5.626998490796339,2.6590483649267416,2.488183994576541,3.6528449014295745,0.20789479923296883,1,1
7.73245702559012,7.443994416597705,0.8445635952447899,2.0199213521907025,2.490649717740212,1,1
7.2481644952360735,7.236089714249082,2.6182615186983837,9.187396178535302,3.4465520605134516,3,1
8.24611705247089,4.186076215985675,0.33774117123581104,9.324010490583792,1.2615596353484353,5,0
7.288064461501717,9.606908498003282,2.111057932382387,7.149333499132594,1.5388545264657454,3,0
6.841543016677358,3.208463134247202,1.622095429934731,3.613628010553837,3.068189514946919,0,1
4.468373839140463,5.458678408340815,0.28960341058632244,2.8355433751068975,4.489676467218684,4,0
5.838579015297167,9.548927361340791,0.725681484776517,2.19128966437287,4.049622101514497,4,0
5.326011838408627,5.3578185354089785,0.03721210883194437,3.657481769652207,2.9156510954979176,4,0
5.219948216895418,7.108207581312684,1.4063038963935175,10.908555349831467,3.6511085887862462,2,0
8.865052773762228,5.180755183702354,0.9037957822800011,4.4153684170168175,1.8241123510389934,1,1
5.965488623333802,4.19372161878936,1.7950724528932764,5.542713272172157,3.2048276404937885,3,1
8.460232775885567,9.871821183678627,0.8917134231258516,3.0534548448133316,2.3309079556377847,4,0
7.1556931299863145,5.274672050520344,0.8997573345209541,4.223613047481702,0.9496806822878046,0,0
7.974056517708242,9.152793629433075,2.22957959619481,7.192245707802051,3.508691369386286,4,0
6.513185465525961,3.8396368471286895,0.14442850793506035,8.077526830956526,2.78232318674411,5,0
6.884519423131795,3.7048376322006664,2.7086849855759616,4.45352314166211,1.793107909767957,1,1
6.462588469094319,2.249072663076091,2.5567916231735444,2.577321592251172,4.556695950393154,1,2
4.976214938990222,7.21333460300708,2.0034140496792197,5.910328691273986,0.10467058913366634,3,0
7.612260576307527,4.948210749790089,1.779664710322153,4.342033709263341,1.5788657562474802,2,1
5.403861812204279,8.914865998717097,2.676907494418957,4.195539232298019,0.2844069888882328,3,0
4.121579832157269,5.785679253532457,0.5559905385861433,11.598628027134552,3.8326365811081358,4,0
7.227361479535839,9.745547423317774,0.23690748657248584,8.16300485925724,3.510537270568963,5,0
4.8855533970352445,3.484204125624969,0.7185305097286143,7.5687844317209585,1.656761093681585,0,0
8.70229292176457,8.948985343644885,2.3837348361005706,6.157751035233219,3.378314511035365,3,1
8.769642885012937,8.212774822333934,0.10401080017944997,6.289443334301443,1.9796861309797493,2,0
8.574321951102242,8.167374757152416,1.7484205052504689,7.4090500383808084,3.7812689571121716,3,1
5.850793501277222,8.758265824935101,2.9863125485739297,8.964298070361073,2.2709183136835303,1,0
4.077283082644337,8.088191927543992,2.567088281512618,9.021460961818295,2.0613986391583277,4,0
8.641592812938626,7.009762573051323,1.5643370671307684,3.7169390770544957,4.6736495774415046,4,1
6.140920741586571,3.0499590214591006,0.19092272785992703,7.0011275207662695,1.2543954994535012,4,0
8.833274095218348,2.2602094359300153,2.4941205431571296,6.119580950341019,0.6022366999828271,4,1
8.818099885446264,9.366782782525494,1.7969355245316316,10.705269662693842,2.922715566297291,4,0
8.265047277336802,6.933202516165904,0.3447989911787005,8.314189212183763,4.846609061420894,4,0
5.4722444603479286,8.37229832780941,0.2815718544700686,7.325040664159818,1.8891960686359333,0,0
5.9254886430096265,5.852178812100401,2.728880458309777,3.1539464217891737,0.3101838181439076,2,0
8.255683357584285,2.938465511699156,2.0076007888142353,8.056378893234115,1.6965263365478371,4,1
5.584610025781388,3.0014863376204035,2.4878603979502665,3.1720390568023342,2.529658271597792,2,1
4.847463733430462,7.484522297831771,2.636936700846802,5.372065755657521,0.8096150331610685,5,0
6.784006312291751,5.4424471591957015,1.7153170561449667,3.4284196481433185,3.29051109028246,4,1
8.680773870803904,3.6041978136026938,1.552339055265124,8.920736470243689,4.988746945051003,3,1
7.480148983374865,5.932756373931495,1.2912822309629706,4.062521138361526,2.258697379907219,4,0
6.850305850446825,2.5136714966010727,0.9508397633733578,5.91859373188026,1.7736427836510633,1,1
4.485882468853843,6.65577121531519,1.3037878825761353,10.956747776187786,2.003520834172333,0,0
7.075036133495849,4.151947235480781,2.321638967190469,4.043163833989703,0.5757308919760057,3,1
8.950269250521316,8.380472805097504,1.8057702930453947,7.078050639587791,4.416368007131119,3,1
4.7004200761826205,4.48289567138859,2.6775698698645383,6.19271661166022,2.0741282776067598,1,0
6.591648261818683,5.64176119265441,1.3301400431375632,2.1812404104572973,1.9363720571242067,4,0
8.386865359639778,2.092964319264805,1.821268736156262,9.927581135728127,3.2984513646523714,0,1
7.703843088771022,2.579575102356471,1.8939226592759661,2.6904590631459975,2.2101671046556177,3,1
7.48507870497634,5.1399484512534785,1.7750914869189764,6.7425502097695365,3.2411673440392303,0,1
7.512420419935546,5.839510677736988,2.107901319256549,7.606782949389499,0.30723145065393753,3,0
5.797455756098776,6.80016438495443,0.7123004051244188,8.284264566145872,4.068616718611137,4,0
5.467959221322467,4.333300629674426,1.537091332637372,8.886316293078757,4.702519764397013,5,0
8.046805777392567,7.55985508901234,0.312674408425043,4.53272383522715,3.2438269307969296,3,0
8.050566973395904,8.880979177513638,1.1535339829344378,2.0997877665844937,4.772829644294053,5,1
8.335361592900519,8.238807911146798,1.4630012058637933,9.234436623549119,0.7571615718498165,3,0
8.566202762782357,2.316950602786857,1.9566727786364173,7.356565993475786,2.3870809474017687,2,1
6.556711994304689,5.8440555780626315,2.8515931577586104,10.361177032072488,3.0090336697272364,4,0
6.507581473435998,2.839441427345399,1.8019531996450677,10.213883629006943,2.9086832371059335,1,1
7.991475894833876,3.9363601269002197,2.2307817485296795,10.433261677878832,2.0073088954452163,5,1
7.249819653888826,9.893300746137172,1.5187981784856084,6.850946599795401,1.690422046831307,1,0
7.509834386288517,3.139964343212106,1.902312094128994,5.336283958368656,0.634120112752094,4,1
7.978963347180505,5.9911052276108485,0.2127966484013203,9.9155820259137,1.958712252811391,1,0
8.450026709087831,6.945245874544953,0.763174742525541,6.51294113029255,0.8133040755274257,4,0
5.689975784257679,7.619719764352832,1.085559279615416,3.834421964034345,3.6718283824610918,1,0
5.87791476319972,6.477189467895313,1.4174800650195407,10.549740195614744,1.04415467747295,5,0
4.469909699204345,2.0781667793534693,0.1369462365071512,10.825598767723474,0.29282652642266926,2,0
6.89140070498087,4.611690465951935,0.42007229265995305,6.663097561401701,2.7618306890861715,1,0
4.17971136898371,6.141693147077691,0.8304429233739173,2.7569972730978747,2.976148663597008,5,0
6.327990090662301,2.702931993158667,2.9145980727031517,5.878260899169312,4.359565306402527,3,1
6.713223173537883,4.805015449673446,0.9940410213091523,10.035376594626033,2.8849080620884093,4,0
5.432706260641422,2.2656248703309325,1.4461231743362477,11.017740285462287,1.7274042686172286,0,0
6.954166302845054,2.628627977240166,0.5882931382151788,4.034727424975959,4.015059407631602,0,1
4.152501249695247,5.1753862096127685,1.8323402132273048,2.6697361202527152,2.7013944659371054,4,0
4.186740943746072,3.061726032344483,0.8420496465479229,10.773504531328387,0.3964014231559587,2,0
8.113002803298292,6.540326786092465,0.6209777353152803,5.894049389788753,2.8292528015662333,1,1
5.800953207056315,7.515719753098126,1.5497178853379372,7.417609642675632,4.540092727108312,2,0
4.635302563259424,8.404693592872663,0.016517397481262464,11.680658120507589,1.9815631274911027,0,0
6.611216300274021,3.6012019539584808,0.022992097947675982,2.6656472791422283,1.4816290094990003,5,0
7.849967765493054,3.339860658072558,0.6572064273055733,8.483180074520956,0.7173472850901003,4,0
5.079105137484216,2.836542722675202,0.11016408750246343,2.7410542257486705,0.7572276096767866,4,0
7.114452379095001,7.091441996349094,0.32407726239207413,5.7546892846650035,2.1638574217090945,2,0
4.42673732496884,7.651805811895209,1.0165819480162548,10.038145451934467,2.978399120807648,5,0
4.258408605843038,2.2526891586051363,2.4077570387394385,6.334722327556344,0.40307702584800875,2,0
6.65677315784074,9.489697969949518,1.7161459301079025,11.971823539029504,4.697842945125829,1,0
6.7031756080505325,2.4157702692117793,1.5380031778692493,7.590592849466022,3.77566808722598,3,1
7.187149507491033,6.330370682408564,0.8804664696243649,5.211621526359535,2.9331195914183135,5,0
7.6304566686133075,7.672484155607331,2.795261158298449,4.201113259047531,4.142193354694954,3,1
8.879260397312674,8.967752989968684,1.1910451237115751,5.505205342861618,0.40093378406056646,1,0
6.581501741505976,7.712695457059422,0.2612783003873145,5.725332737595508,2.384194388665622,3,0
5.61478236470623,8.413824664558334,1.8511995483534038,2.6871367772396098,3.150465634308317,0,0
7.975930973843518,4.7156015403424485,0.3415151804298042,5.695741994267731,4.143264530591447,3,1
5.3541612563103715,8.518600909972097,1.0356694284050763,6.642385197392249,3.9173478002463384,1,0
6.1948571035281805,2.640918771077401,1.5222358161534266,9.227377522388046,1.3853462485669983,3,0
4.39228190671133,9.158533248484222,2.6226675740555274,8.567294847216079,4.7044008477960215,4,0
4.126753717077287,6.38073900922989,1.480639741020356,9.087656552291541,0.6217292071543518,2,0
8.813242073389626,8.53838215969995,2.1067762980949927,2.083636818768571,4.3756680931057605,0,1
8.17990060256103,5.618546276146401,2.978450516997211,4.176673995805361,4.854701248023093,4,2
7.47987103046849,7.1486215615722,0.39446735969394486,8.616842883998565,0.8857676161131278,4,0
6.044764722071349,6.211221287488906,0.8241945765585585,6.839893681797472,3.6103303210189264,1,0
4.866471600354229,7.852716174042655,1.1837282267929392,2.0531347566834595,0.20142759388999232,2,0
4.78218521335543,2.6530398562447166,1.265484535616494,10.044946424318223,2.0271141256957748,2,0
5.251214490822976,2.4828166719245104,1.2330632257966374,9.728095732903373,2.5814164959883703,5,0
6.746133323530602,3.9768258720811716,2.7228330076696645,7.484191629935626,2.9032261295481705,0,1
7.572979613500312,3.2763574409055067,2.1420979334005694,2.664633257762721,4.6796862412427975,1,2
7.300986883588656,8.974268532737614,1.8237156422721112,9.665150495325847,3.3612534364709736,0,0
5.399669484729714,3.7537118988643545,0.9281181535883463,7.8371358773136395,2.406389756096185,5,0
8.774326403315971,9.806922046553051,2.471371152663884,9.819599771579592,4.048375181329447,3,1
7.689484583478842,4.695166334168855,2.8651815344549667,9.517469923958405,4.752664104772045,4,1
6.771770262557004,3.4569433255095943,2.4635948476506795,10.03002071957837,0.11033074341145421,0,0
7.058603731171761,8.317588057139833,0.0046953155744187125,7.1800806640462485,4.912606361280194,4,0
6.09800031213895,7.269662204007009,1.909204110550221,3.4032451819351497,0.4306606953184017,1,0
5.238654947505787,5.985565731625112,0.15340614432630217,8.711574733796887,4.071933896343807,3,0
5.779863393256308,6.44290840750105,0.7728216610011656,8.204737850519706,1.4016737627570626,1,0
7.789230552321845,7.753614226178111,0.17857410104331506,9.422531871990872,0.6608982887693587,3,0
4.071967443148779,3.82763793065039,1.8113863588481633,3.698810060507353,2.1992781985691745,3,0
4.580363202534581,9.970671328453935,2.0597697404778206,3.949751999002892,3.2197828972380678,4,0
4.230013210108764,9.798345297174265,0.34346291419771535,10.904095172193285,1.904759225117375,1,0
4.203644011594851,7.202605490775495,1.1515166491349385,9.499777984520708,0.2728270414134948,1,0
8.277302920055035,3.596339607433161,1.368709526866626,11.08228488700323,2.997305698293583,0,1
7.518289296900118,7.4418259394503306,1.1071590652827497,9.587153211639208,4.512016380553374,1,1
6.370869145436626,2.5775872718334067,0.36307500145557914,7.971553059903019,1.9160768297362585,0,0
4.489170803255007,2.2452200176464485,1.2568433705624262,8.541327370278736,1.0816638881541352,2,0
6.458079375584162,4.0614631080897095,2.2535341434252545,10.891279239400099,2.212886729664077,2,0
6.367358853902829,5.70098365391453,0.2130229935997664,7.7880675451194055,0.24181355524390435,2,0
4.866009349550076,8.946180043267045,0.24054004224571035,8.323913243283874,4.102437922401374,5,0
6.169258246189865,7.817352558130464,1.0643138755079526,3.5647671600360056,4.131704054750934,1,0
5.992523671986867,7.941652169599848,2.825177134856775,6.739212201161028,2.940002317148142,5,0
7.079250490261082,5.403946675584603,2.005717940168742,9.163971119580989,1.7655144446919473,1,0
7.175468254338218,4.767479940375703,2.0360098700176943,4.709426983163654,3.998916822228917,0,1
4.226520048860222,4.968310103876822,1.085759972513595,4.022541805245349,2.773435123941836,5,0
5.873063073132356,9.901196509888463,1.7809823736256152,5.1382680822441555,4.129661542750081,5,0
7.129299578571182,2.32087353129986,0.030393552083230135,4.415006279928335,3.1572939629151033,5,1
6.515681292900439,8.936251968979589,1.9082881392286266,4.149126370363959,3.9220273660639866,3,0
8.28244920594161,6.629403268579147,2.73986084272871,6.24850842868087,2.9928149660887997,0,1
7.293468158094726,5.508923353516724,1.8377204050344575,11.07838513883534,2.070705341078331,2,0
4.8146721354071484,7.802061283321092,2.621095780399035,7.070596467387183,4.789729299630688,0,1
4.352843737002149,5.893351531397623,2.1719191663982813,3.87920380815323,2.7055691243942235,3,0
7.212096391031578,8.987385904653284,0.36167524921107075,2.769716693808741,3.025447592702692,1,0
4.132556552708109,9.205614912090068,2.7073599218575253,8.961561451379252,1.1024381970737462,0,0
6.928877906367316,5.373767414987643,0.19933153306732465,5.827987644363878,3.1282539471363826,5,0
8.701151207124788,4.214622377880413,1.6019024176432914,10.218309465853594,2.8580382474147195,2,1
6.877370889379395,6.738802628746898,0.426411371380373,8.595107686407701,0.9241919897351247,2,0
5.940849631032609,9.298906764933527,0.0351198321927122,9.962414505413685,0.29793548676571857,1,0
7.216441092211766,3.6852975120453326,1.266102780382917,4.7194603941844875,3.0217965985738555,0,1
6.291264452457583,6.983732668507862,0.8851221229624687,8.92358922461058,3.8184613467516026,3,0
6.728083946579675,7.052481760740164,1.458001481392809,4.640619846937188,2.6170068546100413,1,0
8.707324043882625,7.864904179322248,1.7315996602036523,11.390684794502915,1.1338631265982286,0,0
5.930513189003872,3.0525414810180784,0.13121721692684207,8.363742815333744,3.3326098834651745,4,0
8.805952819119572,7.7265997174567085,0.3690098853712369,5.245118001753421,0.40052863304801123,2,0
8.526753209780319,9.272260165325129,1.6759271893512762,4.695118622922727,2.209168524009773,3,0
4.978955673946482,3.4374648709619358,1.0295020595179747,3.909265850716435,0.8168337919921009,5,0
4.346806504375827,3.900346599391021,2.1875204626483438,8.946409588937279,0.9222952552994168,3,0
4.503890006887133,9.771160752333117,1.956874945775819,4.1871561299792734,1.0114697457910182,5,0
4.091109128257749,3.447815621675918,2.5368130889697205,7.953032659274891,1.9335352852198895,3,0
4.472214803779642,8.835080746956633,2.077478480007676,4.646350269253573,0.25575102810198813,2,0
7.415033867081784,5.938222851584278,1.2897932321704444,8.619689447938686,1.988967204645491,5,0
4.355943242301145,3.9778485952254163,2.018899867183297,10.149397285405392,2.558537235573504,0,0
5.594878151468807,8.96599921018009,0.8261435227662556,9.780252431446531,2.416471424831626,5,0
8.224376554847272,5.562442040021324,0.918940496334638,9.608513309307817,1.9139205020152028,1,0
4.116359678679129,6.1185388314375215,2.36695547976238,3.877224056922521,4.195733040353763,0,1
8.072342412944678,4.8738669551981255,1.3392585492047466,2.8838494698451873,0.7266334621025206,1,1
5.409273873867,6.743606811479419,2.3951410215550575,8.989488284873856,2.5284837189068696,3,0
4.590824138108282,3.308190980680182,2.467267121004835,5.683472137943513,0.3102070847827715,0,0
7.483685826820754,5.128652293214086,2.5726870129838515,6.3234622640334734,0.3557783943895487,3,0
7.144714233899419,9.7552985786823,2.749905707523622,2.3114909279339106,2.8693292483854815,4,1
8.387360067635264,4.06506746160902,1.2929556615398887,4.595764492750492,2.830092124439105,3,1
7.675355219019429,7.253893316330338,0.9566004549634165,2.33676403874464,4.390167564222285,3,1
8.017404651924242,4.601520513797559,1.7465962397823416,10.791857726012477,2.7893683783003658,1,1
5.410172862856532,8.187785005492806,1.1135172703128826,4.4339668321853045,4.798955102024251,5,0
4.887197718898614,3.0469892857467986,1.803222500400699,7.5733716957300805,0.24347424199964884,4,0
7.753073758204292,9.758568360628358,2.116757587931474,2.389793206611304,0.49003842390370533,3,0
8.034173696336321,5.630316331069114,2.0652150554764104,8.66847391305658,0.22032930785190696,3,0
8.952525710003368,3.8884037067717117,1.123658661060364,5.230273457540939,0.9263842516677001,4,1
6.063088384557132,2.5879739786401013,0.5005806050962585,10.979191869576658,2.7063505547083904,4,0
5.860090428963916,3.358063240700326,1.2915880153866226,10.881181889340358,3.2278609071371402,0,0
7.882064803709984,6.158191588448141,0.4277824322457262,5.252906183617478,0.227925789743344,1,0
5.704017701265089,4.69602541145029,2.670291105551425,11.009608956904678,4.729854449227997,4,1
8.653786628017823,8.631066927060875,1.0376323822135722,11.961576734987789,4.210826883251905,4,0
8.29206375921506,5.4471001892944475,0.46337924166997135,10.254156641239481,1.4830624107854655,2,0
6.1449701368750915,3.9897141807010392,0.07634327971725263,10.448713477552289,0.3859376511323398,5,0
7.754355338957486,6.93715989283224,1.9374671588594528,4.490087361090899,0.8494353660952864,4,0
7.772714370423412,7.6542177350835665,1.9107069523642297,7.767023988577563,0.6347220687748634,1,0
4.5156193441796635,3.336335263207599,1.021812499743875,2.6725591396736785,0.6164188964947342,5,0
8.512764533397833,3.3409537303065413,0.21513566654295302,2.949179368216697,2.5928084433286696,5,1
6.526261862239286,2.2933714154683438,1.228886684685696,11.988926120332906,1.2292372124670015,3,0
8.13228733053871,7.891216120525124,0.9336524851901807,5.26639249425911,1.7906985826457222,3,0
5.600248005153059,7.310436220974441,2.031361919205028,9.481839120488463,4.947526666921612,3,0
8.477616142481002,5.797047005998511,1.817337748358071,10.066650530268165,3.421571244626724,3,1
5.946008393670816,8.753363591753576,1.09378118459262,10.580232710072291,4.744903335235007,2,0
4.054188257401492,8.445361223600425,0.6536776627649703,11.976282974021565,0.712782775165578,4,0
8.52690988209632,6.682834915174017,2.9641078984667755,4.414964852568678,1.9106973741628464,3,1
4.456433383930667,8.946170244106069,1.3620048635883446,2.403508268596997,2.7736590164117714,0,0
5.596568187952075,3.646729680294146,2.0648227073407113,6.11191517994586,0.3837903094436901,3,0
8.750309835254026,2.895356955181823,0.42165890273508233,3.3008066982894695,0.020937218139789326,4,0
8.753035734687781,4.157996892135917,1.4567690989781934,2.2242588916205515,3.3521716689845875,3,1
6.86718944061643,2.456694848714519,0.08261015960839646,5.6042682714148615,3.2090975840071767,2,1
7.159186060848996,6.249356224008256,1.51636535373135,9.837382510752365,2.0539440499980586,1,0
6.242227609891598,9.492845538359692,2.892052221353107,7.661806912250709,2.448220380160163,1,0
5.466053858490323,2.314748325348077,1.1526201389574007,5.127779892103541,2.077215002960448,4,0
5.64332272684958,2.9768793120802144,0.11698803772473476,8.543420054927196,0.12002522422444428,1,0
7.362592280385192,5.617592226267482,0.09286737275803059,4.320181803088107,1.676858031087312,1,0
7.7618726471884,9.47100014022324,1.1639602798406083,2.1438144607208502,0.8854112769864492,0,0
7.957895218629242,4.529248839814004,0.48007480938958214,9.643533864364274,0.4921209455068437,4,0
7.9480907139727694,6.0578784695071395,0.07005628898455774,8.237430848640091,4.783602169446749,4,0
4.456030515243452,2.3325828724031368,2.2686408418505306,9.6230262450096,2.996798625210828,1,1
6.472101523512907,3.186745607696711,1.375569026645672,2.389380166876656,3.6432814211830133,1,1
4.287793800083222,9.893040983670776,0.8677343159179636,10.371196278306522,1.5768187163305876,1,0
6.747644411618678,9.720949571488365,2.7002495490494423,8.195262000363034,1.965735647470076,5,0
6.207652506866885,2.039519847475277,0.34841688060157683,7.633953507126401,1.1846199694836175,2,0
8.4385209137915,9.614494283385913,2.8677564868659577,8.246140481145316,0.4848283548271237,3,0
5.754575062760393,7.112959502524003,0.9419001521320585,10.644332468683642,0.895158187207919,2,0
4.585335082138029,8.943346356160177,2.665211016926044,7.86936506558907,3.987570226482429,4,0
4.714958410264179,5.637918845070873,1.8088286294383846,7.809503798881793,3.3877290259188793,0,0
7.807553158587361,6.124768228634002,2.4801220792244623,11.906791570657658,2.7346443799273845,3,0
7.0910903165813055,5.9107726420553615,2.952039489631393,9.56730167068568,2.37544936433384,0,1
4.505613380613951,7.334914060368835,0.8652163134562372,6.422938054511353,4.612171418280623,5,0
4.420534030574987,3.1172100380505032,2.883406456222779,9.073970000329277,0.363674738893342,4,0
7.5048456572956,2.2397887189814236,1.168445684707261,5.892304716917884,1.4030040661895797,5,1
4.363815031820968,4.463439532729527,1.1565357142107668,4.28875462483499,1.7496892678535703,4,0
8.109300296451782,7.637446101893174,1.021161312763517,7.968518768877594,3.912129061063939,0,1
7.531211135782481,3.614827616983587,1.6242228220427557,11.281820981139514,4.962573100809856,0,1
4.406743903209499,7.3874594665993385,0.4624351295354613,11.291395200154627,1.2033525737857653,0,0
4.42418857042596,9.759296368858163,1.6611344560740335,5.419052781054903,4.371536670685403,4,0
8.933197892505877,2.751205726315347,1.6251144372300121,7.276774662216949,4.153113802158956,1,2
5.8713539787806015,7.38081694580101,2.28570543781461,4.1163589856986125,1.1232869882088332,0,0
5.8532107353344545,5.550001754436569,2.500949885812757,11.956311094988834,1.996662900996113,5,0
8.063997836287513,8.945138035020044,1.3213240509372721,11.811179078679357,2.048364346462596,3,0
8.736242886919293,3.4171983155790873,0.9069997480544812,8.495089297074474,4.891103342632792,4,1
8.930005319114354,7.541007617809316,0.7780046919512834,10.044140596774733,0.9044595068944916,5,0
7.766890926294709,8.70492231718488,0.5838715101146158,9.151001612837,3.99578985552391,2,0
5.881297927654579,9.556913755792186,0.17294274659707465,7.931582190394682,1.6709635708655495,2,0
4.417503583493344,7.4659842263171665,1.0273439365041401,2.533479969888977,3.654351728880802,3,0
7.885734579637184,5.9773981120674184,0.8107430763923498,6.54764342552661,2.1000550214783145,1,0
6.792021248679025,6.942777921609711,2.8992521575992223,8.747863021674105,2.8917988155827,0,1
6.1211100462348815,8.951239875829746,1.6731264787501319,8.775316138836846,4.163058866630656,4,0
8.53177192547368,6.5648779731106375,1.0418311170915227,5.731226184223836,4.0208278249194205,5,1
4.555987411530757,2.243096477574695,1.741402802981088,11.416919866580306,4.332115917698501,0,1
6.4631255214542955,9.447589564055821,0.4175901040370865,3.67357032236781,0.2980866267232951,5,0
4.0567682238370955,7.516214008252489,1.3321312476066087,7.003594462155606,3.460252765198724,4,0
6.343303209970632,7.412107086217972,1.8787029642631916,8.908839765508228,0.6999368836088143,2,0
4.2815163784091865,3.7254012191817374,1.466693495377354,8.971358058918092,2.0790928400920548,0,0
4.594089581340359,7.271083761861258,1.2053364019629726,8.486389567688155,2.7429420752734424,3,0
4.587631233885524,5.150915245233268,2.9815451666990946,4.752882134518602,2.0136974237341536,1,1
7.246051510580318,7.209863816331937,2.640944286446781,3.5620656868662195,2.5980583790150376,3,1
7.730224396327117,2.8527442424639258,1.8702178744783202,8.359403268267108,4.9826315439930955,1,2
6.916843825485798,7.262762436824288,1.7081320835468483,7.993021161394378,0.6760865685642736,5,0
8.81086274237271,9.995309806165332,1.8619814394737522,3.7935601028924095,3.377280226682128,0,1
5.87435289761852,2.3856963108844482,0.6039363234672998,9.051391455705634,1.980004831928076,0,0
5.428560431409304,9.817393473770538,1.1854132297929558,6.551719917336564,0.6650489945366439,1,0
8.3429956409473,5.255263685782965,0.11837859867269795,8.67760591603153,0.7936838168715477,2,0
5.117979192597263,8.966027602698073,1.4266381124604801,10.373670797701507,4.746365531228085,4,0
8.816112697203057,8.259083872466189,1.6290737518729896,3.6972842857692316,4.3980074835588105,3,1
4.0607723734490815,6.536130087893342,0.6832492083096288,2.191448679968367,4.5352098020751095,5,0
8.849394133538194,7.907593674010612,2.8920865414965413,9.791025863957868,4.957663879136932,3,1
4.215799559752881,9.028124490410782,2.728363832811726,8.09697425152616,1.0415769500425898,3,0
8.455715568490355,5.233122573208264,2.1664297063677176,8.996395696221217,1.7771966868203086,5,0
6.638505545431499,4.61626529250591,1.6001598862960877,10.381549749886425,3.3460951496243334,5,0
8.964823980596503,7.340747084508678,2.6099074789430547,10.028109348245005,2.419012699303236,0,1
4.368982823676994,8.46276753553007,0.39195703147038874,11.609201469288246,2.0919476668916674,3,0
6.769271422006604,8.098281078212926,2.371529382824655,7.359350788521182,1.7890562466779651,4,0
8.846512678095495,8.382509190869076,0.3744624419005449,6.884956326599053,2.968903159717261,4,0
6.615489220850744,5.484666518503464,2.3826319876482165,6.018871998907301,2.87796714320041,1,1
7.146993190676312,8.542673729400173,0.8273027047540709,3.536910428442045,0.8072891703212004,5,0
7.478743444923086,2.9616724429648675,2.6312717430545667,7.726072328820225,2.358699187592195,0,1
6.272705323838866,6.355912783686796,2.8321262814761936,4.770125243259788,2.7673588810492493,4,1
7.137790400420317,2.0460692839849726,0.4463879082153469,11.213075122129755,2.8514346936569526,2,0
6.921571559615501,4.596686639202162,1.3880268151961805,7.8319080427709755,1.050535964561759,0,0
8.505790052454945,4.931692278971183,2.9429621344880554,7.928401805081101,3.711356961261434,0,2
4.227231901707289,5.169381532874043,1.4502223079194398,5.5492466087701,0.12599547410534817,4,0
5.4048159479611515,7.563737653518897,2.5906425675436355,2.519893519777075,1.7741592777158133,2,0
8.752057420382794,5.108464810162766,1.7661945663939596,2.317437653729886,3.901063242678168,1,2
8.451318919454582,5.589548980980245,1.1259897237588055,6.233351441531975,2.8194646052770116,4,1
6.278283763928565,3.9003530469946197,0.8573506665776106,2.8456537809723788,1.305812162554301,2,0
7.100662989007684,4.986014333034721,0.6096692732582618,8.068469555401391,3.4747655967152387,0,1
5.386905914905663,3.818157018105212,2.2853945741330914,10.809730056396575,2.836954720780367,2,0
4.940605798618806,2.585567390147549,1.1596215204690836,10.829148165187222,3.981218047281936,0,1
6.318492024699911,6.827588747051023,1.5338263866022535,8.590454101322324,3.675125930949117,4,0
5.766761140130264,7.34570238844013,1.4769764400035457,4.11231831472931,3.0505396101811733,5,0
6.91828055925436,6.955922768076916,1.7318370876993936,10.629968313588721,2.44088837655407,4,0
4.388673184824924,5.707952350404579,2.5967314368736565,10.860934353132082,0.665910628337617,3,0
8.871974038330833,5.0382862414338385,2.942218030750288,3.966535849529587,1.306665089426919,3,1
8.931053722398016,8.906669196574601,1.222752625721451,9.374260857706773,2.0954973645854262,3,0
7.490808570098726,6.152654281089744,2.4825567663189094,4.86519548927123,2.9964964350319434,4,1
6.680481831720602,5.833455021037848,2.293583383964153,10.026403123529297,2.568539276076524,1,0
5.547638081431639,2.2051365264514855,1.7205868543667198,11.972378999036026,1.4409226297976474,4,0
8.068975098534743,4.729982621009251,2.8681414308357995,2.300260053293928,0.032321788948552754,5,1
7.4236558627693965,5.0415649502868565,0.6014235465852084,10.973658657909318,2.4811961095040695,2,0
4.813084696724457,5.190582247175204,0.32779263092886424,8.22630533598658,1.4281299428112155,4,0
8.554635922469213,6.641378953818658,2.561885900866266,11.733826191648213,3.6730415035526756,4,1
8.112686214615845,6.268820373815028,1.317449449901245,6.650095175264276,0.11973132635241746,0,0
8.74899956645962,6.863240742347557,2.5409065626211813,10.473879305713737,2.9241390565289542,0,1
7.6285975419418,8.119066092337025,2.679270615586245,2.623940685982772,4.7073711875303275,0,1
7.0670759796789495,8.503885909728748,0.18737278085721432,5.352790500782957,0.8720463355574976,4,0
6.091215181453094,7.744984609811955,2.650394288958182,2.6701653775120997,2.358247453752977,1,1
8.663642416770067,9.644189567639478,1.3449571661082667,11.753431334790704,0.45710995908569085,2,0
8.330319447502042,2.145860661410893,1.5312974670126966,10.169739072718368,3.1284095613067633,2,1
4.226093350530947,3.5662238854683688,1.8797775332796307,10.525474212459706,2.752658402981128,5,0
4.13183487248626,2.060502999825137,2.77914782019026,11.379652314338943,2.0368276210641616,1,0
5.882316834390248,7.179797713236824,0.05734828328929209,2.8510348611978538,2.606885107368706,1,0
8.052766653909163,9.184244391599895,1.4305304049534513,5.855975925133333,4.482873292345051,2,1
8.936380646574722,3.947858372610394,2.063166127291682,2.710348890440021,0.9814715115553352,3,1
4.752084455517641,9.416276358370453,2.1681208730946855,4.107931015500286,0.11282255852673617,0,0
6.970653576760675,2.482139122316487,2.0775972946113237,4.293657770376724,4.308324423495505,0,2
5.904454283155108,9.475488214444114,0.40330538822436557,6.691072110475787,2.8855854119395326,2,0
8.849571989073016,4.812981497917075,0.8981867651150437,4.685621674536426,4.453292277309212,1,1
8.210594615678543,2.811366627593732,1.0761465762510403,3.009781068177611,2.984726117065863,5,1
8.19164352355569,5.886974073490605,2.413311623038515,3.674910890941077,4.050805449798513,3,1
6.343465798974851,4.0542125417640635,0.8362796172436591,3.472755635520909,2.1483668167757397,2,1
6.074097511688326,4.278983215695383,0.6321148916016095,11.730767979122984,3.7492996564413437,0,0
5.367035359653531,4.458319719410293,2.8723440571142884,9.592925069184737,4.56520733444928,4,1
4.281877483254636,8.424207182661307,0.0265898553404067,11.67761465269562,2.8606148186110314,1,0
8.323611881275266,6.313290213402036,2.9934625670459347,6.397404865079086,0.9039257528118977,4,1
8.064505045650389,4.490461593248029,2.030463896572187,4.783684816626566,1.3439880751509907,5,1
8.998588366430653,6.882670266487347,2.485407898347351,9.982931972091867,0.9932228844870289,2,0
8.983184185369527,7.7292053937855485,0.8838581890385795,5.262539180411467,1.2342851379786646,0,0
6.777158528013137,4.18099200586827,0.042945833001179934,4.993833737053483,1.5320772467551818,3,0
7.8449370759025525,5.308392812202812,2.21360855568459,4.325059922078312,2.7756689337659424,4,1
8.723828649412141,2.9750887466955804,2.5024337910020273,3.2967897822423535,2.939958147319164,3,2
8.248236953387057,3.4491947962774425,2.221428395860557,4.56463061016766,2.1324987362093055,5,1
5.236740508715988,7.4489428317198625,0.4285508619025158,5.553197484738877,3.077103899104177,0,0
6.252720676550467,3.4515067815650156,2.2602837667709075,8.739942081457304,0.4078746280568296,4,0
4.645797075757475,6.201307069336481,2.306768346322923,2.6256484221945158,0.43894118529079984,5,0
8.770255136293612,7.672370093779461,1.9756215470101646,4.1050693966534295,0.8591473017882922,3,0
7.030873172254401,2.8550153847579507,2.2983477983867586,10.090236402916764,2.590387490201724,3,1
5.143214027517313,6.538497757031228,2.5377643190331964,3.4692192358377074,1.0699733934915678,4,0
7.358503422029283,4.05250226961091,1.8408123427123753,5.426451465225215,1.4164220174628865,0,1
7.090641202289479,9.703415001900638,0.2658141419090372,10.6465892185814,2.0015641808649702,3,0
5.790813590164202,5.868365173759398,1.4628834290016326,3.5492531114344263,4.059330620051899,2,1
4.567787960998145,8.447940398201265,0.2329480040148152,2.827368356181899,0.06931067956430059,5,0
7.357865977963998,6.401812337250094,1.2226290930972925,6.845379950800108,3.246894101183112,4,0
6.601538504518967,2.3473002628385533,1.2213194673768828,5.024195112785364,3.3443826552034266,1,1
7.861591958678197,7.065211004752179,0.19802953242072474,7.634083644838541,3.9932789017831825,1,0
6.6008175055599665,9.611226737653256,1.046461601908438,10.038048904834751,4.663764695301566,0,0
8.260907501592701,6.8128945611706495,0.3329942963739445,3.3714848815274316,0.10068924474644914,2,0
6.759534193872428,8.553510875414322,2.4247056300276664,7.80699084554285,0.7689185275660809,3,0
6.804689857676932,9.073651706787263,2.843064077893412,7.055087603898639,4.4308564702799655,1,1
8.383268013291726,3.82463817559146,0.21694942577381582,3.4407878601319957,2.292592810935077,0,1
6.017414331061985,3.696358719265813,2.8653456218751043,8.239984855289824,2.8229531946673174,5,1
4.670076142253204,6.887847910807934,1.5677297980102356,4.7364041786077165,3.315136018615737,2,0
4.143913381566695,5.288227758453638,0.8986970338616217,6.878343185440125,3.395333022478187,2,0
7.775686278368095,8.718890422933763,0.23058622582849053,2.8227232427706186,4.6587020165825415,0,1
7.1015477567673235,9.20018498718409,1.5018728042112535,6.595840572136231,4.984747087058349,0,1
7.520398840496117,4.827371034421745,2.383546633472246,5.064634680428203,3.600787304654701,3,1
5.064820807544553,3.8949644717958565,2.1212594318000946,10.223812111853544,1.436106046025754,0,0
4.681857377933849,8.244204121950894,0.1506780343919213,2.569787269973683,4.398762011471718,3,0
4.07272332833941,4.198448284385089,0.21870550610371053,6.1860727491833,0.24610457270380803,3,0
5.752937794032984,8.580914548109426,1.2086198478979113,6.58431424131438,1.1554042643724811,4,0
6.949588434273165,5.389906029190103,0.8858714821438298,9.250060762991186,4.486928587318574,2,1
5.9612202254986615,7.340399194331764,0.6971529691681435,7.74287575090211,1.2809575721967748,5,0
6.1873746101186455,2.7642825106773454,0.8430134967261408,8.672123371941812,1.1032552981087425,2,0
8.520793472468743,6.990874597412584,2.4104482298906538,9.770492856517562,0.6906264657012362,2,0
5.741277335116502,5.614141429897833,2.787684160895562,10.622029736581888,4.295558788234582,4,1
6.569947445799054,6.692867705403793,1.2153080835826993,5.138754967224705,2.5002912959554333,3,0
7.918265063705715,3.3441136619589074,2.7183330063974913,7.38022705363903,3.374466015270774,3,1
5.982713911606351,7.894989959553457,0.9644871037436459,10.401080784391999,1.1953319203751485,0,0
7.110433501139367,8.902376620345828,1.4293109590313748,11.894511309650564,3.7902021050560823,4,0
8.311818543733725,3.733918400726205,0.6780869934479992,10.895193110437631,3.8000277248104926,0,1
8.747603118288211,2.765716444161294,1.921428126527532,5.714672626243768,1.5629901245415008,4,1
4.7353674046451895,2.189108688370691,2.9369433455244267,3.9516651721865044,2.0534131650514142,0,1
8.632938125807472,7.135772003546128,1.810479288130136,6.893925374065887,1.0484513871510042,1,0
6.460581465397691,6.856752288710246,1.0734422523406466,9.416414518360423,4.882805116614522,2,0
5.291221941494792,6.37357930171256,1.9434523379715851,6.925690707532976,3.228012885292058,2,0
6.295678781191306,3.8555767689278033,0.3687620353961627,6.831808633136685,4.672719403577577,5,0
8.900162876427386,5.127247967244117,2.665977240796196,10.382304210818006,1.516927718145666,3,1
6.463090469964348,6.755810681489384,1.509251852339509,5.614037790671864,3.9094545649844488,5,0
5.6437580514375405,5.974134870873355,1.3480492261189263,10.597946748116456,3.82929321942371,1,0
7.167004271583629,9.902284161719098,1.7575943653605575,6.068048009517236,3.4582782593327077,5,0
5.200728093890966,3.091518020453865,1.8743515883682074,5.282331056783394,4.828194876334003,2,1
4.37931664054332,7.56115643238075,0.21532741867953908,6.53989911199699,1.9677766805315777,3,0
4.644398609553246,5.234550144834337,2.0478516636702073,9.624469586748685,0.6535866179487865,1,0
4.640229194788862,5.425596919404918,0.7257950409465888,3.260020278639943,3.3585442962203036,2,0
4.759513467561471,7.74078212526541,2.1418578975197695,3.9641921587201736,3.6465490023860307,0,0
4.694135863247051,7.539489210594957,2.4676043831525902,11.514448256630919,2.8753028672940735,4,0
7.204373724016073,9.930047949617506,2.411875522657561,3.7549162738135737,1.0340894656669812,1,0
4.909400421995724,3.027154315633002,1.6575029022236674,7.6772731793105455,2.522279708346777,3,0
5.728336416619316,2.8328771950733307,1.5605096769322535,7.793144666619378,1.560948682845647,5,0
8.483942049530059,7.794710537029929,0.42862788401823515,6.896244620502448,2.137332640833445,5,0
6.3698082013143615,6.627095336051273,2.3260384512094068,8.447452485768185,3.2260928792233194,1,1
7.337788692605136,4.193285332478447,0.8142281413401431,4.2982672579761845,3.7260737134541726,3,1
4.861599356008149,2.635354951911893,1.4900862684538396,7.526622677767482,1.1611234545067157,1,0
4.961445094043354,2.6852659967714443,0.8528222787825501,5.721732552468971,2.026626803234767,3,0
4.204343081332395,9.153526997312946,0.4014850889990794,8.61667259629189,1.3458078549581458,5,0
4.844675315360822,3.5349385977499432,1.8886730906752098,3.4122354337314946,0.9931580693093456,2,0
5.392951695159793,4.586972496924166,0.1629961044687115,7.708774168394762,3.916936099979192,0,0
4.885052421383734,3.813251217815904,2.2459357023786,3.852703553833237,4.546263472184962,2,1
4.443512668785278,4.8399704466554985,0.95276038578335,4.786430631150364,1.8511609284228836,0,0
4.603179355503004,2.555390741968747,0.0004040790134559602,4.187098003235832,3.7563946218688344,5,0
6.303893840163629,6.152478327266163,1.5333874177116895,3.8283777986881713,4.484976446822055,2,1
5.0316685920289625,2.540900508737719,0.14055572558280938,10.25710951560667,4.230621052651157,2,0
5.8213493052403775,8.402852062578893,0.8285086734626984,4.857075676608903,0.9140669426961295,1,0
6.5170863542742845,3.869696655283464,2.1209294623671484,11.271237818644494,4.781459407566807,4,1
7.451974143146827,6.320095316836085,0.1880688648655976,11.699265253451909,1.8833822021473123,5,0
4.196560699205495,9.040632700491667,2.518015477068007,7.712604699370973,1.6962033058691817,3,0
7.997051994545213,7.207018952377553,0.011459767975749324,3.430011226657264,0.3121566363889017,5,0
7.139501947454539,6.263662292410682,0.7404716076057067,5.745482433795813,2.430868270524415,3,0
4.4087951597443595,4.594670024923005,2.2227121684562143,9.97732263348214,0.5450680782046435,3,0
8.367893120533886,4.664015304465583,0.9488104491879203,5.673907286970705,1.24269910463713,0,1
8.604362002659066,7.355895641585521,0.3056771641980406,2.8701721830278872,1.5847131088364068,3,0
4.305389799274319,9.95311488976934,1.0807017564012837,7.567849109281879,4.0441316174584205,3,0
5.384388240736019,7.294713518795029,0.8111798591535766,10.451208514960348,4.377443251979482,1,0
8.031006398965307,6.462267338960199,2.528135706481665,9.959263871435024,1.5123315873073484,2,0
7.741298451918292,7.845204081913969,0.9400437527554294,3.7512314013035324,4.2934906062228695,5,1
4.922605096781886,5.721644898269745,2.366797415328022,8.727646144124666,4.286154686848955,5,0
5.046746616683551,2.4811387408062817,2.675616434432204,4.205042634356471,3.8232547519243676,3,1
5.85236051395691,6.4983745270232784,1.3014522587295887,4.1820753455217226,0.7334755700759077,4,0
6.422614925955107,9.661002276043043,2.729829431563176,10.740717733051852,3.451614234503645,5,0
7.09127385765148,3.402423538861277,1.1319541618895785,4.496689527402301,4.725120322902844,3,1
5.8445681978488615,7.520039126565326,2.8922352494703247,4.632473465180112,3.412702393835785,0,1
6.31267358066574,3.607469509272452,0.2678685735767188,2.0065339076129955,1.6580842455391698,0,1
7.7373546906687825,6.28662147578465,2.061057799509728,10.706690341255177,2.502896587154156,0,1
4.183416014452989,2.773411597173757,1.481442121370786,9.925948132091348,3.228625216755268,3,0
5.262184721720104,5.602967490065481,1.1629464163669412,8.27328935090678,2.5528520436425177,1,0
7.566747929422762,8.049306631161969,1.8981356362458026,9.502657639388422,0.5997647086548491,4,0
8.476034188435996,4.780572193911857,2.1115712749029933,3.520485674244918,1.5603202232601032,3,1
6.5583872105783305,7.319293795897744,0.013089808950927262,6.583235945875755,4.011980152768163,1,0
6.660567426326578,8.363599686317833,0.5008592662415962,5.512193873487809,4.307090230477587,1,0
4.53586005669888,9.417422555835621,2.139138151902956,2.937765262570165,0.6865001635778512,5,0
6.237061834117274,3.8771366548436283,1.9991562407346195,6.861304852149241,4.761933761993623,3,1
6.663086332275116,5.194527326474465,2.8981425153860316,11.207396503426354,1.6441130892430467,3,0
5.212352518173648,3.2193281066433395,2.283113370752349,2.400591190506945,3.3115686936535997,1,1
5.346216154746905,9.939868017267003,2.852318123194014,4.914609134937939,3.7591257297834058,1,0
5.886420815523113,9.416007743394363,2.107621504604421,4.075409362057035,4.059731173189417,1,0
4.100355988888632,6.319657042244477,0.8941566259183295,4.381466536656963,4.728748511129651,5,0
5.610395827915891,8.73626635501137,0.3160947667525694,11.084345518793754,1.5645977401441131,3,0
5.057240034982723,6.1676638181763375,2.3454715900348067,6.6806905423429015,4.292532272757772,1,1
5.637486760889573,6.988685504022078,1.9324476644277477,6.662994129398188,0.6584345171810352,0,0
4.598810659096256,2.712995456928133,0.1445580371798887,9.605756424552823,3.5252045317679634,3,0
8.452636403699476,8.042163363974463,1.080151397702935,3.544922040049258,3.7098886475699295,5,1
6.967962267770243,3.0217078690818786,2.8703994464528586,6.872653541000508,3.3886162060066023,0,1
7.395511595722448,8.608541042020228,1.5012034371306036,6.2998521412105974,1.261573680675765,2,0
7.9458561930366916,8.256224701363088,1.298187408059114,7.969106905466561,4.365215735076017,3,0
6.492210994645286,7.6699575819438115,1.3730988154778818,11.995577032504386,0.844292316851975,2,0
4.434601440437119,2.289283044198097,0.6266481720154912,9.69448894082047,0.2681739576041542,1,0
6.685532709092739,4.425026847562629,1.1061215125943855,5.978657030174272,3.587324953059561,5,1
6.934205590104396,4.104900559286743,1.10943976796153,10.27553052274047,2.3773785761636685,1,0
7.72719737092165,4.881091259772153,0.1570650605624172,3.707083633124802,4.24549009979338,5,1
6.158297731148397,2.7011419741107083,2.302702885553755,2.304636863089601,1.9169857052912946,4,1
4.637901513977819,9.495662584248503,1.2495132957116368,4.04448372464273,0.8413929425385641,1,0
5.418879528993623,6.43041792569901,2.46653966044927,5.404115561142596,4.182210962349348,2,1
5.815411481993175,4.444194485264188,2.551044003359686,7.105807574595599,2.7445481582003586,5,0
7.229586206658006,5.175852136594267,0.6359821640959742,8.151291405411998,0.9459789619517744,1,0
6.85389152334456,5.577620324038685,1.9720604465103857,11.106057172144217,3.6019199929322285,3,0
5.780483629489231,6.804754666884938,1.4168454124889451,7.0985400955045765,2.5555681924475024,5,0
8.932576243964899,6.125435421571982,2.640470213764455,7.012756446257294,3.021564911201599,5,1
7.028874096784436,9.355135785715339,0.6472220375293624,2.502430098229821,2.3044916910329096,1,0
5.186133958679973,5.975707863246642,2.0334396009301328,2.349115526562238,4.143544919090032,4,1
4.508912363102018,9.937264118586501,1.8232563667581676,7.511599619163721,4.147813578415249,1,0
4.7642956959216605,8.811399661960767,0.8859044327154983,6.381786132483445,3.546944109121931,2,0
5.229788641922541,3.6680841148586865,0.40980271095351783,10.391803949802986,0.5270068869823114,2,0
4.803406866297778,9.44476171715133,1.9549192814318297,3.606795847118452,4.194269309520344,5,0
4.932835120256529,2.9309311830838087,2.215792374396992,2.2497166211704958,3.355064902664549,5,1
5.425475843469235,8.539597667929533,0.94688203129005,6.490387679301259,3.4851208300214975,1,0
4.866867976473774,5.044986347812641,1.9344978120669414,4.374785567522575,1.814914202019358,2,0
8.483827123132127,9.023794563560557,1.1853927228345098,2.4961437333883745,4.396397780785033,2,1
4.401168728308211,8.944453520859604,2.139620649847853,9.24598286847629,3.6268580011742872,4,0
6.622556947851273,8.447403200940968,0.5976458246821593,3.115929999572475,0.5629523326459723,3,0
6.051984134948308,8.320243490456491,2.670645007908523,8.083195000077717,2.0388901720308135,4,0
8.911893084543031,4.437433112784326,0.8622287893967392,4.810497501668891,4.431901809800708,0,1
4.560194510840262,2.6473542644100174,1.1033579632684587,3.7349605035502202,0.23598350848689498,4,0
5.989277995228708,5.223841430121292,0.17427585624104935,5.797515229193174,4.8070830982102475,1,1
8.847352166376844,3.3881961198920694,0.3345366369638292,10.014457762229537,3.395812841597814,3,1
8.327535629469901,7.559608711219694,1.5475857081369844,5.920935769045727,3.156879888216883,1,1
8.085360354746399,4.768797812302284,0.8027780301839145,9.507696492110558,1.3527962824399569,0,0
5.2895141352246995,9.80488160687932,2.5064406772265833,3.2548629679915067,1.2439589436958853,3,0
4.854437936950329,7.127776618762656,0.04408016596486153,9.72771419665079,4.710291097442977,5,0
7.343216099622155,8.579844509074888,1.1372821460158087,4.369333249066487,1.4913622711706136,2,0
8.646879945637929,3.0601973819347874,1.012036640307278,8.773931298888728,3.877526483594997,4,1
6.783814465069649,8.89611585818098,0.057982892752803106,7.657815548409964,1.9656089910353958,1,0
6.858063447349499,9.382057524107154,0.37310519700153066,11.291447172116873,0.6962703539235199,0,0
5.399895468301421,5.896495350551487,1.2409280247559058,5.87322517975314,0.05357648847679475,2,0
7.847464665959684,6.8500235020078195,1.47859375334234,2.6616518883444042,2.721286685076254,4,1
4.935218742787617,8.118478407223964,1.2128692417646074,2.1915548555125293,4.878894092744663,2,0
5.618396182021218,3.3987090180833004,1.5928130352362815,10.26858560972753,1.8456809690460223,4,0
6.127182193082084,6.020528611707539,1.7853950247170447,7.247356376614322,1.785961669965224,5,0
6.538051893422275,5.189304222178505,0.02977146338350689,9.752440518349493,1.7204580892472103,3,0
5.212048662075401,3.170991937297993,1.3922854783605116,4.344256000115147,2.602719186524292,2,1
4.574184123696018,4.9402753783322515,2.890497722662765,5.450837455132337,2.203324417121468,2,0
7.053100212208163,2.5453784750839485,1.5570968403886463,2.3010387221131894,4.399573133635072,2,2
5.443152766201279,2.206495255595896,2.0326268023768597,11.614923245741121,2.5276039586174512,3,0
6.906191107113061,3.081330313238582,0.9355915737506496,8.678679067008133,2.538789190942844,0,1
4.771813576371011,9.70492089271339,2.3219741344582876,11.332050877593062,0.691857973602783,4,0
6.405700509274087,6.396236287160136,2.318764445628345,4.6549640742907235,4.91369770455193,5,1
6.662947162757929,9.726577289225759,1.563888142962417,8.114636112256608,1.2498644543441484,2,0
4.259117684112135,5.459983026641056,2.9280414698376407,8.784999682926378,0.36682033729801333,3,0
5.6830213909696035,4.494529064682077,0.37665064428796013,5.175497002575884,3.315731244876044,0,0
4.672073384694871,6.049134902721953,0.05084299466874298,10.4810923501563,2.976831850784363,4,0
4.3168748523638385,5.516093509063281,2.310474635271288,11.471614629002477,2.0757282699637285,3,0
8.949801161949726,2.8453174740939513,2.4214666120946475,10.848551176960044,2.1109611694033905,5,1
5.611769224873615,7.12661051752165,0.3606216873617287,9.390669759393726,3.925319605232156,5,0
8.049372229273175,3.728305460076797,0.7967484988758182,4.77464679724954,0.9785632004982453,4,0
5.273203273818819,6.956703639182637,0.05265709009988673,4.816160421056317,4.101266594724448,2,0
7.407513611119646,7.201608739185227,0.8799258323416941,11.633603204460378,3.2437355694750907,5,0
7.801139299448433,3.216198825029185,2.3194256217560145,2.1028449593569203,2.094848868897622,0,2
6.978193703039222,2.4907970168853453,1.5538815831377368,9.160499732421446,2.290143082919343,3,1
6.357880942750792,8.246092688547519,1.0442867795048643,9.062461625552622,1.283236035930479,0,0
6.059204570736343,5.678403390154561,1.1152178847189909,8.226895409497974,3.760571663484874,2,0
5.744341332714976,2.4653103640438063,0.004060877146404462,11.901088460868658,2.564373711526339,0,0
8.64764572123913,9.958930537358137,0.8994015826957077,5.1187943576372525,1.6042727137492179,0,0
8.153097038938647,2.462244487970933,1.9393762249137914,5.399718637932482,2.980250578804751,1,1
8.825134553332564,7.560281830868425,2.9225833314490712,2.7893940294655555,4.978672260256615,0,2
4.6214861174277235,9.86943140210731,2.5411824809516985,6.4279813654373745,2.176311398282769,4,0
7.654337376018221,3.913440833727405,0.07078489393658738,4.610485262348481,4.603457003893098,3,1
8.69170228410519,3.1379949494975694,2.695681814024518,5.433867021776442,1.7250841996228305,1,1
4.9061653308283,2.971079515379431,2.3495952398958777,10.345717902556277,0.2736635346249294,3,0
4.3324813368338875,4.426201180540764,2.341128370712941,11.354845135274957,1.0212105318421445,3,0
7.705603246450295,2.8083664880851735,1.3739872770107144,3.8573307200518565,2.0934757166384212,2,1
6.8723655658995595,7.537290733553055,1.1940158788635085,5.7250893155346585,1.098174642972845,2,0
8.20914388379136,2.4983343850405015,0.9087471864995779,11.286305621153941,0.0011351910912776875,1,0
4.698861883131448,6.075377025198318,0.19708457686309733,2.6180846068922263,4.575007688737636,5,0
7.976336559299451,9.973574830823814,0.6847060904810973,2.923605281113785,4.219397056154645,2,0
5.008136600238723,8.51176215604815,0.7398109049340739,3.6279098920622936,3.7114611574347354,2,0
4.818279714328522,6.921755505848087,1.4522312091306047,7.952128341268748,0.8390729782301432,2,0
4.8213289896549645,4.450028966292893,2.242333219790082,3.5047227100599745,0.6018178810499303,3,0
8.07287360115691,6.991166690333108,1.4214294851938398,11.680763814507335,0.33802374736191576,1,0
7.325986103481,6.216331711293213,0.17353334834148182,6.467145272585204,3.620145943864606,3,0
6.615327123845597,5.408667071122972,2.8733694029646117,7.015179603501664,4.644039803439426,4,1
5.794152420617513,3.045683013921596,2.828172957282337,4.466586158054065,2.152679104565185,3,1
8.386002704065541,9.092833721923734,2.355568629445225,6.709602524347335,0.5957033599802408,4,0
5.962225537113177,5.59827719057058,2.9739837046926616,8.619136326370114,2.5619641036605327,0,1
8.082997197357885,3.5569800945661205,1.6334469984007889,9.511771369540428,1.7441595372931507,0,1
6.195674542851092,4.942074807018317,2.888305050759618,9.53868082709913,1.8741246217499885,4,0
5.884722147124538,5.313038020231416,0.22681512185025232,7.7789111269408835,3.106653120778536,4,0
6.3133989283480325,8.620303164534995,1.097042244784114,11.043597749938572,3.5935905663110117,3,0
5.50688937082071,7.868915044491216,0.6761438040202975,10.174078473061094,0.5530179943658042,4,0
7.738046900881256,8.154439149130718,0.5874992524028101,9.570481146986253,0.17795115403238193,1,0
6.513601950462396,2.0882501154291777,0.42240884667802825,2.556055216804606,4.971651513428574,0,1
5.161063475734086,5.329231985438092,1.86724092469799,2.068779622196493,1.1636417445777592,0,0
8.497872866372841,5.850753213082589,2.343965567241915,4.124472771954729,0.2691526245422954,5,0
5.919456106866058,2.1535382145844535,1.734895198261082,8.635235939134523,0.9493766454795999,4,0
6.717764305569943,4.078505669960274,0.440888128764629,6.111974888825458,0.1947892317423211,2,0
8.532360554822734,8.082318584977081,2.4333713098004126,6.0240625929931175,1.9590544730858583,2,1
7.1211899795699605,3.0968776458319924,1.9078641214911856,10.845868882296138,4.012008922256621,4,1
4.5844902035418205,6.282481051620733,1.1644971183809867,10.955628481318387,1.706222248788603,1,0
8.699160618067376,3.7216149761379,2.0223908866081888,11.091752640535857,2.2209170343918325,2,1
7.138540265357089,2.096966197151146,0.7797149377284985,5.138780765150273,3.3779338678371937,5,1
5.674528073285431,3.929611660796332,1.0355766254826315,8.910558127392617,2.544470350349401,4,0
4.696360363316936,9.80699003928043,2.7524575293959708,4.716331812743697,4.307228430106621,1,0
7.97012594635148,8.412296895063918,0.8715135170142612,3.9060983307444976,4.330178375228782,1,1
7.100363779642567,9.676613154568267,1.4099648044738098,3.846324573473692,0.04955347745576821,3,0
6.667305459881607,5.9028323514109,2.670423412188044,5.42107620863594,3.8902315324159957,1,1
8.469462915254788,2.877889589420028,2.1231640508025826,6.299576197798217,2.3036680012083695,2,1
7.9429860561226535,6.383675911789544,0.18660967849410826,10.309491710550684,4.944202706518316,2,0
4.758374398663756,5.635018676479687,0.441909132836911,3.198910934727121,2.4161603793771755,4,0
5.558610338977742,8.754856661916929,0.023524772315750453,9.349258473948943,4.934479726941488,4,0
5.242445699072329,2.7846606462739567,1.8927653706874903,7.314549141893053,3.772846806028683,1,1
7.719731462863384,5.9059290961742255,1.3430202762312549,4.879453426759925,1.2430244230665317,5,0
4.167662173678897,3.200389317551874,0.4028245527068266,6.928195845328246,2.6919748964347883,0,0
6.8494484243565825,4.59740741512048,2.873802363170311,4.999420697770226,4.960678197392914,3,1
7.812293428703453,7.898856619102397,1.5889791718368595,7.96081955238306,4.287653038759618,0,1
8.383828183808747,5.808145034950132,0.7256798823386675,6.338439228552442,0.4868344689561055,1,0
5.710408743579537,5.007106281166155,1.5018107134641228,3.6440552907887875,3.5318599840499805,1,1
8.106286523360065,5.1558102285602825,2.0388609982053234,3.165830745556967,1.7278979293540653,0,1
4.553158684776037,5.675574147247893,0.22871765392069343,7.466956820721301,0.03491130940174059,3,0
8.23226145867259,8.280132350696455,0.824111445143676,11.024130332861034,2.017404845134998,0,0
4.637443311659912,9.136677511521874,2.4208964726519806,5.439576865576855,1.1737721086248565,4,0
5.986436452801836,9.642677492031426,1.3789946112079838,9.330001072226231,4.094346352602358,2,0
7.986476828897768,8.29522709004236,1.6397314260968847,8.586613549397669,1.6866530442288274,5,0
4.749587136743869,4.523255165984102,1.2984480066284076,11.31554914309481,4.137618469769086,4,0
5.146256976163207,7.505077648692337,0.13169982792901536,10.209810172991409,0.0029896941739765426,2,0
7.611262841965331,5.500824992443135,0.4972493394604678,7.66605258905463,1.5390957501305957,5,0
7.600182682730372,4.037364976368409,1.3366249162256727,8.570304982341073,1.2058260715388096,5,0
7.205738164426487,8.726972635407382,0.6275563962237835,10.983864665840349,1.1678368053430548,5,0
7.4697422223355,2.3074107916986,0.1499370859790362,5.9951878458693475,0.3409330988273135,1,0
6.713622216737981,9.214095937083389,2.530948992155471,5.267947058577773,0.9356213520525086,5,0
5.258995294534763,5.691819716997873,2.9435775874923475,2.1081108363519636,2.777747849428099,3,1
5.728479967519597,7.0976118144662435,2.3794286219902183,10.265510741914643,1.4568053641887224,0,0
4.9079885840071285,7.274831377646262,2.561354765114001,10.009807004033648,2.0869739116457398,3,0
8.542252806668142,9.160941925652292,0.7259313909511361,3.0445451810015136,1.8843344017359427,0,0
6.916958973830602,7.0933574573376585,2.8818809265395995,7.768573811327002,4.379524624999473,4,1
6.0042570838181994,6.911468678080494,0.5907771133602852,6.639816981668874,4.526494995052578,4,0
6.310029018220663,2.5332163244855197,2.8542894310854967,3.1870909550911146,2.4647848582793004,0,1
8.736416698059077,6.147264175561633,2.9844578818978533,11.805682270607235,1.650779751578022,3,1
4.766757015580401,3.2013520065363332,2.1351684172381464,4.146958874633555,0.5340035200118182,0,0
6.9311491600839865,7.899470149771885,2.9434311953754655,2.6723418009056115,4.767014396910475,5,1
6.52944339442233,6.097775366501396,1.708619338701311,7.948473795019096,0.30113472450148726,1,0
7.05727117717324,7.4418222336668265,0.778625349528271,9.388666771330326,1.488251387841402,4,0
4.090550919104203,2.333383204819074,1.3109876569968626,2.3244344604718696,1.4903310058500208,1,0
8.360619544720757,2.6783361283664258,1.7806828061363578,8.587176387270222,1.6020064307010746,5,1
8.66059141241806,7.730587104501458,0.21924468608104497,7.322918759514544,0.8214342163620464,5,0
6.825665917946045,2.576674687989387,1.8670297938517382,3.032650088750484,3.915807154618486,4,1
7.483254119384461,2.570053822122069,2.9435335102868834,3.725238769463621,0.6124893098299461,4,1
8.612496905886479,2.0968678018790996,0.5703229493511829,7.679742973160805,3.174533295765814,5,1
7.5361931715669925,9.65201118639584,2.37778534886515,4.963576135132884,0.6192301335290873,2,0
4.762695214571306,7.900066875672056,2.723696381338858,11.38315728651316,0.3526781879647828,1,0
6.881441800834066,4.826011268016513,2.8311047784606624,10.187402294840508,4.547147518429383,1,1
7.03357523191428,4.372284650301242,2.8804068132163416,11.835672065136631,0.9506438315935284,2,0
6.12065335651193,4.797625837966796,1.564378916164416,4.59670838950414,4.106250772798521,3,1
7.682221178123614,8.197228249449456,2.931923723974511,11.69723632797977,2.723154355535679,1,0
8.671835073845074,7.290964888563315,2.2719306214033166,6.312338697915578,0.389282598043848,0,1
8.627842564533882,3.4815645429397435,0.4850143087108857,5.475187953137546,4.777240957190338,5,1
6.254196857020661,3.392874682672675,1.4307003194039098,2.5034952696935324,1.2348058349594626,5,0
4.566190229203777,2.7871651977071785,2.154993526116012,2.527652578596026,4.2982267267630325,2,1
8.924205994811672,7.282421757610705,0.74202094745725,8.920112559466547,0.8440500289228209,1,0
8.19449043222967,8.114981297773888,1.921845550646662,6.579289944340279,4.269714410709264,3,1
4.623313406016334,4.120371426600032,1.9998014371398578,4.265216260361057,0.06614406452646993,1,0
8.604209413086862,2.1675596882473025,0.48809923142569767,8.139703063252327,2.5589022828474035,5,1
8.349481810310643,2.6573733398114188,1.6952559373582687,4.528581182501112,3.847212897107784,4,1
6.5941902856303605,9.742880278760243,2.314880732935823,7.776317543444226,4.6739775874639164,0,1
6.9563771787246464,4.363558219819362,1.4966869936078258,5.592087469826904,4.546010681032435,2,1
5.9950135193506515,8.153785182705068,0.036309350328322276,10.23552226611819,4.098124347738224,4,0
4.273808194110156,6.99730855083411,0.027115407237876532,10.206961607667793,4.440956748306521,3,0
5.675986208229505,5.055517117223167,1.0710880319100364,6.773503981224013,0.9960984291853825,4,0
8.014267242990057,3.645498097564441,2.778582205295346,5.508191093350156,1.4209214785586437,4,1
4.023160115023014,2.9710913452752514,0.6860303388108263,5.625597965590945,1.4448426246052926,3,0
5.667495858455721,6.920103744310933,1.9030910666150613,10.05714525668218,1.8852696550084942,4,0
5.990843467954717,8.197070245102303,0.6662276120799617,5.28179482797612,1.9666033519259436,2,0
6.686978014689615,7.151234028329045,0.9650099689786459,4.09059373706846,2.7227766232733774,5,0
8.599278082063803,6.2424170659932665,2.544126268804452,2.8468834187530683,0.7993988168322069,1,1
5.7317299718298065,2.33560978745309,2.1865843268098404,6.666931208844084,3.4562333189299466,4,1
5.734766009481138,9.74791022075507,0.2861978319396319,6.821320989198419,0.8378326965225324,2,0
7.687506240548742,8.389713533236597,1.2861060629593009,10.409087104029071,1.5515424105227376,1,0
6.261089704449036,4.342576293607718,0.0875092909357934,4.21238696446064,2.51672565303077,1,0
5.12302411469991,9.839762634870805,1.442670439809027,5.809912736683999,3.9822028076173863,4,0
6.262197580663467,6.815052717090577,1.9873020351032042,10.084057388936909,3.697346166193636,2,0
4.704285101898999,6.659381265657972,0.3555078707944547,10.236236107489734,3.227671782052611,5,0
4.8819349325311165,7.984585435436257,0.866654816727497,5.846110759787682,0.7788663029008508,4,0
6.4918388636973985,8.4941583047211,1.1935098765064707,6.591240232866809,2.7352267280778886,3,0
6.094627247522739,7.251828858652021,2.7585930739681492,5.0328589084928295,0.4372325089994272,1,0
8.5742295053405,3.0247659709296,2.9797650462688923,11.32554878419312,1.8868158839832538,4,1
5.811969495583165,4.706140047955987,0.13473389698684757,3.1864376574158033,2.0675826514497957,1,0
6.902941751390218,9.424669122608398,2.283023770486176,11.3374942300147,0.19905719722876913,2,0
7.161321439597652,3.7969248947508154,1.1151721992070298,8.838664518353433,1.3699404973498592,0,0
4.065472282941668,4.977336190700107,1.17737455868844,7.315721526867312,4.778247336332447,4,0
7.317686860083553,5.456615063553568,2.262794920041068,2.3265906078449587,4.7681630391484475,5,1
4.890179834348757,5.5152399175556175,2.755279296436226,6.755961918220083,1.7616352712626964,4,0
8.805351587347275,6.903516659956204,2.8527857835076453,6.077481050027323,0.21550054474162028,1,1
4.7433136387655646,9.544606701957662,1.7313677581149625,3.6121881197512256,0.8954746966409077,2,0
6.0731206186351185,3.9255416946600397,1.0713634779015084,8.56409603500657,1.9610889671677008,3,0
4.426748340393219,2.9720110104073445,2.362647257576338,11.711509073682858,4.738898489846149,5,0
8.984371259229736,3.5797639188794985,0.7530041497869008,7.621888110645251,0.7059953176859246,2,1
6.510975051656213,9.095399201674155,1.6922220865005533,9.147532764439458,3.817579218341061,4,0
6.976925086600219,7.166486501241648,1.0757353845746196,2.684504525660168,0.5434126968734604,3,0
4.335382386942137,4.287254313913281,1.9698932211236282,6.176669958169947,4.906287886956385,2,1
7.749802351995889,8.527575511748939,0.7211967386805207,3.1635848516449587,1.908082495545675,0,0
5.049527965477929,8.890959970907488,0.5747788372044773,8.127958355365104,3.8761726944952803,5,0
8.490271447203568,8.772114709522224,2.754717260026311,11.384821582141546,1.712955414055659,1,0
5.025698202410036,9.351412269116436,0.3054110488486107,8.617777324716386,3.1383443857940434,2,0
4.953438603318332,4.017928161386893,1.517873723204795,2.7680304831442153,0.9600804237001836,2,0
4.182748339240474,8.040335429970227,0.6625583488890268,5.546662049850829,0.7301050964848127,0,0
6.360334725549996,5.68431597819312,0.11678988997700235,7.506633794408515,4.690320697840656,4,0
6.824205666313082,8.735988423120492,0.10805645487427917,6.032077561332522,4.588236389522168,5,0
4.328543197141762,7.827925417292906,0.525665316317482,10.336440104751723,4.437344701064411,5,0
7.877638083475053,8.211579571997797,2.6003110635180007,10.146710047099893,3.1271672508329673,1,1
6.266444173740139,7.249294701448572,0.84743623193108,8.118310201032214,4.041341056081391,2,0
6.6219513466379,3.419430155757655,2.8513775117258873,5.734579451327052,0.34518468455687457,3,1
6.20381373469114,6.360215351175507,1.7448668789675805,4.553363737632441,1.6739452094533958,2,0
6.00381530437663,9.877357916196065,1.3098425693062983,3.058743182131293,1.5685156237857811,1,0
6.79820165654109,9.49910453197695,1.7402665040083638,5.54897683486554,3.1782266097630663,2,0
4.776201229653562,2.3453898863760934,1.5500951556788034,6.1317251720771955,1.7797888673532025,0,1
4.909640652476355,3.318518525835497,2.2763287612719756,8.758229251040735,0.742533908218404,2,0
8.308928105067587,3.0538301876364953,0.8474881979185568,8.581598242975735,2.9823353770677183,2,1
8.730577310668163,7.807839279882364,1.059151174800907,2.7010813964125697,4.071919603345408,3,1
5.866546581398765,8.54228263885556,2.682282907599752,5.952593154311578,1.910617472299866,0,0
5.353723365717769,3.7080909304853753,2.8393695394512166,3.817788672173619,0.6613435754924085,0,1
7.219997716195079,6.046821543614632,2.6776746824594237,3.568127053168057,0.9834409865641153,2,1
6.0436708554904826,8.7256242240896,1.2583439818719406,10.27302149737246,1.18741652584692,5,0
4.126931778301724,7.862412358130005,2.341096509020645,2.4191521671625753,1.499487964972681,3,0
4.780762986830952,6.337897643934786,1.4290071999032965,6.191828759021213,3.2139753525315458,2,0
7.579861144236988,6.722781523670183,1.4926195564383065,3.6820365576651817,3.004727422688595,2,1
7.294619709550757,6.06688437533024,0.6140403271718519,10.79330215678474,3.480399307835196,1,0
4.135479962517417,4.380387610550565,1.7733909097755494,7.570405132750351,1.8125099226575658,1,0
5.109860809664747,6.520175942872129,0.5584076932600438,4.31380636376848,4.119988259399891,5,0
5.1553739829403575,7.5110824164007255,0.9946940972015813,7.024272871663764,1.0204383057788013,3,0
7.359463717993642,8.98658332688646,2.5650906048598054,9.314863597031158,2.3452037375907695,4,0
4.098552688771821,7.090330831833985,0.6212274276325657,11.581180089194337,4.004693607707152,1,0
4.520542909922869,8.088972296345265,0.21347485552029843,4.20446004245419,0.9007932386630962,4,0
7.999580426865947,3.280573079636584,0.2070227778384489,10.861817721293452,0.5493155687039147,0,0
4.892723310271668,5.692459795358319,2.8223535615093236,11.343041141674902,4.418419838439949,1,1
7.263730539259374,2.0746529586167464,1.5207613138855038,11.164205445320663,1.7146483137959794,1,1
5.190913905233632,3.973430916172984,1.228236215451055,8.354143568619097,3.41935062454516,3,0
4.497206963796726,7.811693720904039,2.4326357430237553,8.298206544347078,0.1267430213196924,5,0
5.21586095499727,9.934479610794908,2.507477783731548,6.032106331838228,3.450234442047248,4,0
7.611334659278295,2.7934247966977273,0.9965730993468138,9.52397882303788,1.5805065577348527,1,1
8.27848234053143,5.211954526890306,2.0808541724213856,7.312940183509319,0.2787042679372087,1,1
8.151099322834959,8.400567749593275,2.3133684475556597,8.774380712282944,3.049063807740585,3,0
5.985917648092274,3.6322850770311907,1.9639520605978635,6.284579038487955,1.2040190803658661,3,0
7.340425682853231,6.44067959441829,0.4547852244002981,9.314964640431391,1.9340362102594,5,0
5.024921477079105,7.864570368237398,2.627649250551171,10.24471517604549,0.40290406143256796,4,0
5.465738651305067,6.927883602081432,1.617283658208026,3.464362566028161,0.7358162554747266,0,0
8.4816790926056,3.504197876923329,0.8474172791100111,10.32929715574228,1.4898861774792187,5,0
4.06500961755368,4.843076549485915,1.2756845563130819,7.402965317903073,0.4487975028007857,0,0
4.42754265427234,8.270334275883178,0.11271327119672214,10.446659090902243,4.554131323431577,2,0
5.039431275730136,6.433812113056133,0.3836004036672527,6.313017063410146,0.03023521591989209,1,0
4.132661019369099,2.041836908343302,2.296640251547583,5.79040485383035,2.419301094321557,4,0
4.907177175448987,8.08792608022475,3.490426609842334e-05,11.150607325172224,0.6162372906627572,5,0
6.91520780484846,2.2824908395219126,1.2496974854468765,4.511692675484013,1.5383954473897425,1,1
6.107122752962489,7.965870261849857,1.5675305432567654,10.442123252861432,4.630297799091327,4,0
8.463358555384875,3.6198444813218993,0.16390326000291688,6.840205725094041,0.8084727663699343,4,0
8.087217808692206,9.664587840955042,2.9192344889169988,7.140954425512597,4.829161598591663,4,1
5.70908675848938,4.943526010416676,0.6783759937490158,5.08468281489484,1.0289718849471086,1,0
5.297117167156463,4.615452930704633,0.9125961589088426,7.730422006190157,3.7078305423341478,5,0
5.898462040836335,3.1911044026595574,0.911827536765082,5.252111962762113,2.733386324486559,3,0
6.951474712574038,4.444833723921719,0.6912499863520497,2.392694142416523,4.422393637983796,1,1
5.340318204114381,9.013206094625605,0.004421466258934248,4.71998605344356,2.7699662775156546,4,0
7.1207445392456705,9.970674701017979,2.188034382263989,2.063790434065907,2.6727960957815435,5,0
6.047058260956202,4.946476244054787,2.900536499397856,11.783547870568567,0.9772900018419994,2,0
6.760235904259901,5.5888850476363405,0.6728804498551352,11.657472098197475,0.8311468102582936,0,0
6.180632645676583,7.776567505621896,1.9891415754102673,5.95155297472305,4.582445755577571,4,0
5.472328797709588,9.089566243720597,2.2256889808761455,9.283708543396461,1.6391909942501703,2,0
8.742266534810783,6.744354673494273,2.545276137271574,5.45806098410425,1.8604112748144797,3,1
7.818028970798804,5.132205585422635,1.2678875910408274,8.71093157085976,3.7991182921419417,4,1
4.700565878832263,5.30097472678899,0.9087927169212877,10.05430043045979,1.6941174121140368,2,0
8.342339879489565,7.564945171974455,0.9758854020690934,11.467562446922408,4.760312233195013,4,0
6.437155991247568,2.0257461088342295,2.1378639992955386,6.00212275849672,3.6896388449940014,1,1
8.472761134470456,6.9567146996787255,2.450338399516908,9.832979829560477,2.9871462128671,5,1
7.999276279736576,4.843944083530859,0.544841903269808,4.659284506321188,4.404475802723763,2,1
6.126067522346167,8.353578650216674,1.1128230244732955,11.903323037936483,0.24802954174741376,5,0
4.112346541600587,2.7439251185850573,2.70582059024745,2.2576959876435114,1.2853134609460437,1,1
5.34338679692473,6.705618135587124,2.4200805590842176,8.035288065011208,2.32518167110455,1,0
6.708171073304335,5.84778311908899,2.9545752082874275,8.59505981651327,1.1348926973576052,5,0
7.167391099130736,7.138604207241819,2.2627447790462423,8.880455570741288,3.7195259365107596,2,1
5.2894384271660115,2.5188287558637468,1.1795856030837668,3.2038757878908903,4.596040155268626,5,1
4.69678037036412,6.63987029942505,1.7719135019839132,11.385297834731304,2.1188505996546168,5,0
8.174651183996495,6.49187670367619,1.983042762741961,3.8118327905008282,1.7106630005594747,0,1
8.92201090351776,6.485280755329367,0.23536744895137185,8.22753403239841,4.8077536606878315,2,1
6.628450911513429,6.8279013327716385,1.6334908773115953,4.226760791230849,2.2242621641377043,0,1
4.858396429241518,7.411743497810898,2.1279624854178287,5.072164170212709,2.445242002246416,4,0
5.361536632596845,8.439911997446158,0.5019639120031811,7.464585417281244,1.758249361709527,5,0
4.0919533827373336,4.158565761025715,2.3418951522766713,6.171934185645765,4.547742365060692,4,1
8.571494032802494,8.600395281440496,1.7513183415423348,3.602256009765063,2.844777416409254,2,1
4.588755414450706,5.986045458107629,2.856665357092784,3.709364024208483,3.810872935908223,5,1
6.882582377571268,2.6164662330746493,0.1272668946206751,6.181447881627997,4.059033591754432,4,1
5.37027610343603,2.4684074339518336,0.7959784126664009,9.572829782755008,1.709245209586291,3,0
6.770890012578967,4.673906549568486,1.8046616378994722,10.979646468477885,2.1684716566019,1,0
7.257101941759322,8.27917581689174,0.8896797366177921,2.8412766225938286,4.242358872031323,5,0
8.148709018536008,7.661447477927326,2.1432724922137267,5.93103907559401,1.8162767583790513,1,1
5.032106358803016,8.30891971737925,2.277015847565793,3.002455637228766,3.9696756672592564,0,1
4.054979143292402,6.138152451532875,0.30754789219942336,2.165924806325979,4.704961612872186,4,0
4.684428150344036,5.5215919836439245,1.5415633926203032,8.617186826439566,3.116051865340035,0,0
8.500093209240525,3.1796202136502716,1.5266716667731677,8.024494419665878,3.7081364372594443,5,1
8.369450387812577,4.625542028874492,1.1078423106466233,3.630191138148862,4.025486560205675,1,1
6.987065510851542,5.472154929391002,2.7987745877090164,4.338128330930641,4.225198244483213,1,1
7.002584302168267,2.708803437436938,2.4825189596196635,2.2370775364451836,1.9752666892839799,4,1
7.325183372731278,3.76489562168969,2.0916281457289103,10.349472056944037,0.25631729587999086,5,0
4.876856393117248,6.7858023525099105,2.1429799072049924,11.746905960485515,2.0093813561836975,3,0
8.5720597296248,7.885304913913519,1.3851484314393572,3.3545953679469083,3.3687811489204487,3,1
6.093852624460366,9.986780091143597,2.7629835632897275,4.314752137652981,2.251751928903964,4,0
5.915692641247487,9.46490665074846,2.0837862817598563,10.68409523946934,3.744815754301993,5,0
6.594588526414188,7.140521596281532,2.186943184967449,11.264637979561849,1.7849121473433194,4,0
4.234829833875275,5.369984426352576,2.5850727113620358,6.196273828068104,3.1737207055201475,5,0
4.8314168437803975,7.089418917665862,0.822214768026573,2.5062247226907415,0.9320990242698729,0,0
7.690168082131852,8.285212944641856,2.421212711600109,2.393918336928194,3.7468471832247845,4,1
4.413993339625632,2.9466895273870986,0.5857218088694761,7.739498660690105,2.728479844065129,5,0
7.015760547331941,5.279239117570306,1.0360258567346636,5.9289510889317905,1.0203219427330028,3,0
5.226745548406605,8.718418285084937,1.0068313628095282,2.286524275776545,1.4595558674890363,5,0
5.946478070209883,5.070663615464352,2.9355764051674216,7.832523923125567,3.7430435429091617,5,1
5.443468683853499,6.574978169817492,2.5696116712437806,2.1130253658902247,2.4130061783076036,4,0
5.7783635823247455,6.702154886897586,2.103509584770779,9.873719581492729,1.0801572019653611,0,0
7.595229525921227,3.475810025069115,2.1811702848461705,5.064328227033716,4.8363559518514885,0,2
5.485608578115875,4.897883533218307,1.6862183832077133,2.402580030092321,3.57562509908444,0,1
6.8320232014844855,4.676090309935457,2.8412720013255575,7.883522209831533,4.785674162698981,0,1
6.380252010995498,2.2095736682565184,1.4887762586470847,5.976844144330547,2.135525226801716,2,1
7.3183558268132405,2.193534111130842,1.1415531296096835,11.738004133571495,2.3755017034586023,4,0
8.68414869662379,8.653576349406187,0.489106010794773,7.441986625037022,4.489776080925096,1,1
7.662860486051251,4.184566479782499,2.358616956783174,4.752391810370083,2.6252467012269234,4,1
5.074701892953784,6.1446301299105235,2.203331796226774,9.094388646339748,3.5363945595283357,2,0
4.1559156753064235,4.389804588710184,1.1530651155724048,4.714920025427113,1.2608643874776497,0,0
5.311320221499125,9.525433960922724,0.07558024187768808,11.04243291407565,2.233632343513203,2,0
6.975389653501274,4.07437407092619,2.516991983154032,5.747219705073764,0.6172493290517755,3,1
4.257129067421252,5.437254501911481,0.0342539503622209,7.498685627762052,1.0299001793848084,3,0
6.481831236006181,8.981842003876814,2.111099338887153,2.5057310382422884,0.004717076338155435,4,0
6.984214244584447,8.73546853433447,2.9107713291781714,6.261212379522307,0.19632525824330116,4,0
5.671219454084804,3.4888113427702185,1.3129839844446103,10.32363539660995,4.886419115884647,1,1
7.854561018729109,8.421146478365683,0.7049202149878583,10.05648805363342,1.2117684756838116,1,0
4.532991265668859,5.665495093903141,2.114613030130145,4.243185588535263,3.3165535475200096,3,0
4.375688908679043,5.863750976682842,2.451384426046755,4.260790710105627,4.195498493998057,0,1
7.6409437810180165,3.0678397793275503,1.6392909482335418,10.173053122132368,2.753302296182821,2,1
6.477456581030992,2.6448121100569972,2.901105825768439,11.303984201693256,0.765722500419781,1,1
7.4420119821386805,7.8235144557901215,0.1550061649738833,2.9536092127300355,3.640582186680832,5,0
6.174136693018731,5.971689218842398,1.5143867949135843,6.500586394262252,3.001257050497915,1,0
5.2320101661955345,5.494805620921436,2.1553618419676503,5.374542789642289,3.6562529467368754,0,1
8.095511588370998,7.836065829219174,2.587921413447537,10.706884554574394,3.848733114285436,0,1
7.997079394844896,8.124103191928878,0.5377668357233701,2.8352491468001877,4.877051838423726,4,1
7.473482354272134,3.2712653413548285,2.400010445291044,4.111259425580374,2.8678164001335498,2,1
5.360725686149813,6.88180119582113,1.6581212271556358,9.524683375864942,1.7082055634530091,0,0
6.9511533343454355,3.0828326582214842,1.1896610459698898,2.512938489812156,3.2423227845011855,1,1
5.804869484700134,8.011000688232365,0.3951450857372807,6.925353807142892,0.34220354621313065,1,0
4.457910366633171,7.255641250137116,2.5958872767267374,6.4210703467972,4.4869865916079315,3,0
8.586567877311214,9.652916968667665,0.47181962453914605,5.344011789887487,0.5969050566909839,0,0
4.684093154594807,2.5516641308513694,0.9293635776272977,5.945723153189238,1.6392141894290913,5,0
8.751186769104013,2.4564377692100345,0.8701365958873106,7.29940586930233,4.078726903130605,4,1
6.230028864789778,4.257496597545601,2.614242102572563,3.6136735838838314,2.986561891653559,2,1
